ID,longitude,latitude,time,temp
,degrees_east,degrees_north,UTC,degree_C
300234063700990,-58.113,44.399,2021-06-21T18:00:00Z,10.684
300234063700990,-58.098,44.423,2021-06-22T00:00:00Z,10.788
300234063700990,-58.099,44.374,2021-06-22T06:00:00Z,10.857
300234063700990,-58.155,44.37,2021-06-22T12:00:00Z,11.041
300234063700990,-58.205,44.372,2021-06-22T18:00:00Z,11.036
300234063700990,-58.181,44.423,2021-06-23T00:00:00Z,10.778
300234063700990,-58.149,44.361,2021-06-23T06:00:00Z,10.534
300234063700990,-58.19,44.362,2021-06-23T12:00:00Z,10.358
300234063700990,-58.246,44.333,2021-06-23T18:00:00Z,10.495
300234063700990,-58.212,44.409,2021-06-24T00:00:00Z,10.497
300234063700990,-58.154,44.309,2021-06-24T06:00:00Z,10.386
300234063700990,-58.303,44.312,2021-06-24T12:00:00Z,11.076
300234063700990,-58.317,44.299,2021-06-24T18:00:00Z,13.257
300234063700990,-58.331,44.326,2021-06-25T00:00:00Z,13.376
300234063700990,-58.32,44.291,2021-06-25T06:00:00Z,11.912
300234063700990,-58.359,44.316,2021-06-25T12:00:00Z,11.665
300234063700990,-58.418,44.286,2021-06-25T18:00:00Z,12.431
300234063700990,-58.456,44.382,2021-06-26T00:00:00Z,12.396
300234063700990,-58.322,44.347,2021-06-26T06:00:00Z,12.034
300234063700990,-58.417,44.277,2021-06-26T12:00:00Z,12.316
300234063700990,-58.47,44.277,2021-06-26T18:00:00Z,12.919
300234063700990,-58.493,44.32,2021-06-27T00:00:00Z,12.793
300234063700990,-58.4,44.307,2021-06-27T06:00:00Z,12.344
300234063700990,-58.503,44.262,2021-06-27T12:00:00Z,12.082
300234063700990,-58.549,44.269,2021-06-27T18:00:00Z,12.246
300234063700990,-58.605,44.275,2021-06-28T00:00:00Z,12.2
300234063700990,-58.524,44.293,2021-06-28T06:00:00Z,11.382
300234063700990,-58.55,44.206,2021-06-28T12:00:00Z,11.154
300234063700990,-58.621,44.191,2021-06-28T18:00:00Z,11.291
300234063700990,-58.683,44.191,2021-06-29T00:00:00Z,11.358
300234063700990,-58.636,44.22,2021-06-29T06:00:00Z,11.543
300234063700990,-58.709,44.151,2021-06-29T12:00:00Z,11.639
300234063700990,-58.78,44.177,2021-06-29T18:00:00Z,11.609
300234063700990,-58.812,44.208,2021-06-30T00:00:00Z,11.743
300234063700990,-58.731,44.271,2021-06-30T06:00:00Z,11.099
300234063700990,-58.737,44.228,2021-06-30T12:00:00Z,11.399
300234063700990,-58.803,44.292,2021-06-30T18:00:00Z,12.567
300234063700990,-58.766,44.308,2021-07-01T00:00:00Z,11.733
300234063700990,-58.718,44.35,2021-07-01T06:00:00Z,11.283
300234063700990,-58.642,44.308,2021-07-01T12:00:00Z,11.211
300234063700990,-58.651,44.305,2021-07-01T18:00:00Z,11.467
300234063700990,-58.657,44.266,2021-07-02T00:00:00Z,11.83
300234063700990,-58.678,44.289,2021-07-02T06:00:00Z,11.82
300234063700990,-58.666,44.276,2021-07-02T12:00:00Z,11.966
300234063700990,-58.707,44.291,2021-07-02T18:00:00Z,12.231
300234063700990,-58.7,44.323,2021-07-03T00:00:00Z,12.503
300234063700990,-58.679,44.342,2021-07-03T06:00:00Z,12.473
300234063700990,-58.676,44.325,2021-07-03T12:00:00Z,12.284
300234063700990,-58.722,44.368,2021-07-03T18:00:00Z,11.911
300234063700990,-58.664,44.408,2021-07-04T00:00:00Z,11.59
300234063700990,-58.649,44.417,2021-07-04T06:00:00Z,11.506
300234063700990,-58.618,44.416,2021-07-04T12:00:00Z,11.527
300234063700990,-58.591,44.416,2021-07-04T18:00:00Z,11.664
300234063700990,-58.515,44.43,2021-07-05T00:00:00Z,11.676
300234063700990,-58.491,44.401,2021-07-05T06:00:00Z,11.597
300234063700990,-58.5,44.389,2021-07-05T12:00:00Z,11.656
300234063700990,-58.516,44.398,2021-07-05T18:00:00Z,11.92
300234063700990,-58.459,44.4,2021-07-06T00:00:00Z,11.907
300234063700990,-58.481,44.347,2021-07-06T06:00:00Z,11.847
300234063700990,-58.517,44.318,2021-07-06T12:00:00Z,11.777
300234063700990,-58.583,44.303,2021-07-06T18:00:00Z,11.828
300234063700990,-58.554,44.328,2021-07-07T00:00:00Z,11.979
300234063700990,-58.549,44.27,2021-07-07T06:00:00Z,11.963
300234063700990,-58.595,44.24,2021-07-07T12:00:00Z,11.903
300234063700990,-58.654,44.232,2021-07-07T18:00:00Z,11.946
300234063700990,-58.611,44.281,2021-07-08T00:00:00Z,11.883
300234063700990,-58.59,44.189,2021-07-08T06:00:00Z,11.764
300234063700990,-58.711,44.2,2021-07-08T12:00:00Z,12.233
300234063700990,-58.723,44.201,2021-07-08T18:00:00Z,13.363
300234063700990,-58.73,44.247,2021-07-09T00:00:00Z,13.182
300234063700990,-58.691,44.215,2021-07-09T06:00:00Z,12.493
300234063700990,-58.807,44.224,2021-07-09T12:00:00Z,12.639
300234063700990,-58.799,44.255,2021-07-09T18:00:00Z,12.487
300234063700990,-58.804,44.347,2021-07-10T00:00:00Z,12.51
300234063700990,-58.663,44.369,2021-07-10T06:00:00Z,12.487
300234063700990,-58.685,44.321,2021-07-10T12:00:00Z,12.331
300234063700990,-58.688,44.317,2021-07-10T18:00:00Z,12.306
300234063700990,-58.661,44.348,2021-07-11T00:00:00Z,12.283
300234063700990,-58.618,44.308,2021-07-11T06:00:00Z,12.314
300234063700990,-58.637,44.312,2021-07-11T12:00:00Z,12.574
300234063700990,-58.652,44.271,2021-07-11T18:00:00Z,13.17
300234063700990,-58.74,44.318,2021-07-12T00:00:00Z,13.66
300234063700990,-58.634,44.326,2021-07-12T06:00:00Z,13.269
300234063700990,-58.687,44.236,2021-07-12T12:00:00Z,12.885
300234063700990,-58.774,44.232,2021-07-12T18:00:00Z,12.87
300234063700990,-58.759,44.28,2021-07-13T00:00:00Z,13.144
300234063700990,-58.667,44.239,2021-07-13T06:00:00Z,13.514
300234063700990,-58.799,44.19,2021-07-13T12:00:00Z,13.898
300234063700990,-58.825,44.224,2021-07-13T18:00:00Z,15.135
300234063700990,-58.862,44.199,2021-07-14T00:00:00Z,15.21
300234063700990,-58.879,44.252,2021-07-14T06:00:00Z,14.213
300234063700990,-58.915,44.225,2021-07-14T12:00:00Z,14.294
300234063700990,-58.974,44.213,2021-07-14T18:00:00Z,15.013
300234063700990,-59.033,44.258,2021-07-15T00:00:00Z,14.499
300234063700990,-58.963,44.313,2021-07-15T06:00:00Z,13.753
300234063700990,-58.968,44.262,2021-07-15T12:00:00Z,13.68
300234063700990,-59.035,44.258,2021-07-15T18:00:00Z,14.554
300234063700990,-59.031,44.284,2021-07-16T00:00:00Z,14.911
300234063700990,-59.039,44.278,2021-07-16T06:00:00Z,14.686
300234063700990,-59.07,44.268,2021-07-16T12:00:00Z,14.969
300234063700990,-59.113,44.283,2021-07-16T18:00:00Z,15.492
300234063700990,-59.158,44.289,2021-07-17T00:00:00Z,15.507
300234063700990,-59.212,44.329,2021-07-17T06:00:00Z,15.275
300234063700990,-59.211,44.342,2021-07-17T12:00:00Z,15.375
300234063700990,-59.301,44.357,2021-07-17T18:00:00Z,15.641
300234063700990,-59.318,44.403,2021-07-18T00:00:00Z,15.929
300234063700990,-59.349,44.41,2021-07-18T06:00:00Z,15.731
300234063700990,-59.404,44.425,2021-07-18T12:00:00Z,15.764
300234063700990,-59.441,44.458,2021-07-18T18:00:00Z,16.85
300234063700990,-59.466,44.449,2021-07-19T00:00:00Z,17.234
300234063700990,-59.518,44.474,2021-07-19T06:00:00Z,16.69
300234063700990,-59.507,44.459,2021-07-19T12:00:00Z,15.959
300234063700990,-59.598,44.451,2021-07-19T18:00:00Z,16.475
300234063700990,-59.586,44.491,2021-07-20T00:00:00Z,16.969
300234063700990,-59.564,44.508,2021-07-20T06:00:00Z,16.042
300234063700990,-59.575,44.481,2021-07-20T12:00:00Z,16.301
300234063700990,-59.635,44.496,2021-07-20T18:00:00Z,16.61
300234063700990,-59.574,44.531,2021-07-21T00:00:00Z,16.233
300234063700990,-59.57,44.505,2021-07-21T06:00:00Z,16.199
300234063700990,-59.595,44.497,2021-07-21T12:00:00Z,16.649
300234063700990,-59.655,44.476,2021-07-21T18:00:00Z,17.756
300234063700990,-59.662,44.514,2021-07-22T00:00:00Z,17.436
300234063700990,-59.627,44.523,2021-07-22T06:00:00Z,17.099
300234063700990,-59.627,44.513,2021-07-22T12:00:00Z,17.118
300234063700990,-59.705,44.475,2021-07-22T18:00:00Z,17.05
300234063700990,-59.712,44.534,2021-07-23T00:00:00Z,16.774
300234063700990,-59.642,44.521,2021-07-23T06:00:00Z,16.755
300234063700990,-59.695,44.52,2021-07-23T12:00:00Z,16.508
300234063700990,-59.713,44.491,2021-07-23T18:00:00Z,16.511
300234063700990,-59.768,44.529,2021-07-24T00:00:00Z,16.515
300234063700990,-59.718,44.559,2021-07-24T06:00:00Z,16.508
300234063700990,-59.724,44.558,2021-07-24T12:00:00Z,16.562
300234063700990,-59.743,44.523,2021-07-24T18:00:00Z,16.882
300234063700990,-59.783,44.555,2021-07-25T00:00:00Z,16.986
300234063700990,-59.722,44.571,2021-07-25T06:00:00Z,16.863
300234063700990,-59.73,44.572,2021-07-25T12:00:00Z,16.992
300234063700990,-59.712,44.552,2021-07-25T18:00:00Z,17.399
300234063700990,-59.765,44.557,2021-07-26T00:00:00Z,17.395
300234063700990,-59.719,44.592,2021-07-26T06:00:00Z,17.324
300234063700990,-59.722,44.575,2021-07-26T12:00:00Z,17.205
300234063700990,-59.736,44.566,2021-07-26T18:00:00Z,17.375
300234063700990,-59.769,44.569,2021-07-27T00:00:00Z,17.129
300234063700990,-59.7,44.584,2021-07-27T06:00:00Z,17.358
300234063700990,-59.708,44.568,2021-07-27T12:00:00Z,17.483
300234063700990,-59.709,44.58,2021-07-27T18:00:00Z,17.555
300234063700990,-59.744,44.554,2021-07-28T00:00:00Z,17.771
300234063700990,-59.751,44.576,2021-07-28T06:00:00Z,17.706
300234063700990,-59.749,44.573,2021-07-28T12:00:00Z,17.726
300234063700990,-59.749,44.578,2021-07-28T18:00:00Z,17.908
300234063700990,-59.771,44.561,2021-07-29T00:00:00Z,17.814
300234063700990,-59.765,44.605,2021-07-29T06:00:00Z,17.759
300234063700990,-59.758,44.574,2021-07-29T12:00:00Z,17.732
300234063700990,-59.803,44.61,2021-07-29T18:00:00Z,17.934
300234063700990,-59.781,44.599,2021-07-30T00:00:00Z,18.138
300234063700990,-59.821,44.613,2021-07-30T06:00:00Z,18.131
300234063700990,-59.813,44.621,2021-07-30T12:00:00Z,17.932
300234063700990,-59.827,44.635,2021-07-30T18:00:00Z,18.007
300234063700990,-59.831,44.649,2021-07-31T00:00:00Z,17.825
300234063700990,-59.79,44.671,2021-07-31T06:00:00Z,17.501
300234063700990,-59.796,44.648,2021-07-31T12:00:00Z,17.235
300234063700990,-59.824,44.681,2021-07-31T18:00:00Z,17.223
300234063700990,-59.733,44.679,2021-08-01T00:00:00Z,16.917
300234063700990,-59.766,44.648,2021-08-01T06:00:00Z,16.652
300234063700990,-59.793,44.676,2021-08-01T12:00:00Z,16.663
300234063700990,-59.771,44.683,2021-08-01T18:00:00Z,16.827
300234063700990,-59.794,44.688,2021-08-02T00:00:00Z,16.811
300234063700990,-59.82,44.724,2021-08-02T06:00:00Z,16.804
300234063700990,-59.801,44.728,2021-08-02T12:00:00Z,16.828
300234063700990,-59.866,44.735,2021-08-02T18:00:00Z,16.883
300234063700990,-59.842,44.806,2021-08-03T00:00:00Z,16.855
300234063700990,-59.791,44.777,2021-08-03T06:00:00Z,16.581
300234063700990,-59.884,44.747,2021-08-03T12:00:00Z,16.432
300234063700990,-59.895,44.821,2021-08-03T18:00:00Z,16.603
300234063700990,-59.82,44.794,2021-08-04T00:00:00Z,16.53
300234063700990,-59.889,44.8,2021-08-04T06:00:00Z,16.349
300234063700990,-59.867,44.837,2021-08-04T12:00:00Z,16.504
300234063700990,-59.878,44.817,2021-08-04T18:00:00Z,17.022
300234063700990,-59.907,44.868,2021-08-05T00:00:00Z,17.192
300234063700990,-59.854,44.901,2021-08-05T06:00:00Z,17.152
300234063700990,-59.87,44.889,2021-08-05T12:00:00Z,17.195
300234063700990,-59.903,44.928,2021-08-05T18:00:00Z,17.303
300234063700990,-59.829,44.974,2021-08-06T00:00:00Z,17.212
300234063700990,-59.807,44.98,2021-08-06T06:00:00Z,16.844
300234063700990,-59.808,45.013,2021-08-06T12:00:00Z,16.788
300234063700990,-59.755,45.038,2021-08-06T18:00:00Z,16.84
300234063700990,-59.74,45.051,2021-08-07T00:00:00Z,16.65
300234063700990,-59.705,45.104,2021-08-07T06:00:00Z,16.351
300234063700990,-59.655,45.104,2021-08-07T12:00:00Z,16.31
300234063700990,-59.675,45.095,2021-08-07T18:00:00Z,16.568
300234063700990,-59.658,45.154,2021-08-08T00:00:00Z,16.787
300234063700990,-59.568,45.173,2021-08-08T06:00:00Z,16.698
300234063700990,-59.595,45.149,2021-08-08T12:00:00Z,16.827
300234063700990,-59.604,45.178,2021-08-08T18:00:00Z,17.348
300234063700990,-59.565,45.187,2021-08-09T00:00:00Z,17.229
300234063700990,-59.571,45.199,2021-08-09T06:00:00Z,17.098
300234063700990,-59.559,45.22,2021-08-09T12:00:00Z,17.193
300234063700990,-59.546,45.195,2021-08-09T18:00:00Z,17.454
300234063700990,-59.588,45.226,2021-08-10T00:00:00Z,17.532
300234063700990,-59.509,45.273,2021-08-10T06:00:00Z,17.59
300234063700990,-59.489,45.252,2021-08-10T12:00:00Z,17.54
300234063700990,-59.505,45.266,2021-08-10T18:00:00Z,17.988
300234063700990,-59.461,45.305,2021-08-11T00:00:00Z,18.015
300234063700990,-59.413,45.308,2021-08-11T06:00:00Z,17.908
300234063700990,-59.417,45.316,2021-08-11T12:00:00Z,18.034
300234063700990,-59.389,45.344,2021-08-11T18:00:00Z,18.323
300234063700990,-59.379,45.335,2021-08-12T00:00:00Z,18.456
300234063700990,-59.378,45.387,2021-08-12T06:00:00Z,18.375
300234063700990,-59.315,45.393,2021-08-12T12:00:00Z,18.382
300234063700990,-59.328,45.386,2021-08-12T18:00:00Z,18.457
300234063700990,-59.314,45.423,2021-08-13T00:00:00Z,18.418
300234063700990,-59.246,45.453,2021-08-13T06:00:00Z,18.295
300234063700990,-59.253,45.429,2021-08-13T12:00:00Z,18.303
300234063700990,-59.23,45.485,2021-08-13T18:00:00Z,18.623
300234063700990,-59.172,45.47,2021-08-14T00:00:00Z,18.714
300234063700990,-59.165,45.492,2021-08-14T06:00:00Z,18.577
300234063700990,-59.132,45.503,2021-08-14T12:00:00Z,18.64
300234063700990,-59.08,45.516,2021-08-14T18:00:00Z,19.204
300234063700990,-59.077,45.511,2021-08-15T00:00:00Z,19.25
300234063700990,-59.041,45.553,2021-08-15T06:00:00Z,19.143
300234063700990,-59.002,45.511,2021-08-15T12:00:00Z,19.049
300234063700990,-59.018,45.551,2021-08-15T18:00:00Z,19.348
300234063700990,-58.941,45.566,2021-08-16T00:00:00Z,19.522
300234063700990,-58.954,45.541,2021-08-16T06:00:00Z,19.369
300234063700990,-58.952,45.565,2021-08-16T12:00:00Z,19.495
300234063700990,-58.911,45.566,2021-08-16T18:00:00Z,19.884
300234063700990,-58.885,45.573,2021-08-17T00:00:00Z,19.924
300234063700990,-58.874,45.58,2021-08-17T06:00:00Z,19.778
300234063700990,-58.84,45.567,2021-08-17T12:00:00Z,19.68
300234063700990,-58.854,45.584,2021-08-17T18:00:00Z,20.029
300234063700990,-58.788,45.626,2021-08-18T00:00:00Z,20.07
300234063700990,-58.744,45.59,2021-08-18T06:00:00Z,19.931
300234063700990,-58.757,45.581,2021-08-18T12:00:00Z,19.774
300234063700990,-58.732,45.609,2021-08-18T18:00:00Z,19.904
300234063700990,-58.662,45.609,2021-08-19T00:00:00Z,19.868
300234063700990,-58.646,45.601,2021-08-19T06:00:00Z,19.563
300234063700990,-58.624,45.6,2021-08-19T12:00:00Z,19.393
300234063700990,-58.596,45.589,2021-08-19T18:00:00Z,19.32
300234063700990,-58.556,45.59,2021-08-20T00:00:00Z,18.999
300234063700990,-58.487,45.577,2021-08-20T06:00:00Z,18.842
300234063700990,-58.477,45.536,2021-08-20T12:00:00Z,19.047
300234063700990,-58.473,45.54,2021-08-20T18:00:00Z,19.142
300234063700990,-58.424,45.56,2021-08-21T00:00:00Z,19.092
300234063700990,-58.371,45.535,2021-08-21T06:00:00Z,19.026
300234063700990,-58.389,45.514,2021-08-21T12:00:00Z,18.788
300234063700990,-58.378,45.51,2021-08-21T18:00:00Z,18.834
300234063700990,-58.381,45.523,2021-08-22T00:00:00Z,18.87
300234063700990,-58.329,45.511,2021-08-22T06:00:00Z,18.701
300234063700990,-58.339,45.47,2021-08-22T12:00:00Z,18.676
300234063700990,-58.361,45.467,2021-08-22T18:00:00Z,18.922
300234063700990,-58.342,45.476,2021-08-23T00:00:00Z,19.021
300234063700990,-58.302,45.466,2021-08-23T06:00:00Z,18.905
300234063700990,-58.295,45.449,2021-08-23T12:00:00Z,18.872
300234063700990,-58.293,45.429,2021-08-23T18:00:00Z,19.1
300234063700990,-58.305,45.44,2021-08-24T00:00:00Z,19.281
300234063700990,-58.262,45.445,2021-08-24T06:00:00Z,19.234
300234063700990,-58.27,45.408,2021-08-24T12:00:00Z,19.27
300234063700990,-58.268,45.405,2021-08-24T18:00:00Z,19.352
300234063700990,-58.248,45.366,2021-08-25T00:00:00Z,19.456
300234063700990,-58.257,45.349,2021-08-25T06:00:00Z,19.519
300234063700990,-58.26,45.323,2021-08-25T12:00:00Z,19.84
300234063700990,-58.255,45.301,2021-08-25T18:00:00Z,20.99
300234063700990,-58.297,45.282,2021-08-26T00:00:00Z,21.045
300234063700990,-58.273,45.288,2021-08-26T06:00:00Z,20.557
300234063700990,-58.312,45.238,2021-08-26T12:00:00Z,20.41
300234063700990,-58.33,45.241,2021-08-26T18:00:00Z,20.992
300234063700990,-58.348,45.202,2021-08-27T00:00:00Z,20.976
300234063700990,-58.358,45.197,2021-08-27T06:00:00Z,20.655
300234063700990,-58.369,45.168,2021-08-27T12:00:00Z,20.422
300234063700990,-58.372,45.154,2021-08-27T18:00:00Z,20.401
300234063700990,-58.372,45.122,2021-08-28T00:00:00Z,20.241
300234063700990,-58.401,45.101,2021-08-28T06:00:00Z,19.881
300234063700990,-58.417,45.042,2021-08-28T12:00:00Z,19.531
300234063700990,-58.518,44.989,2021-08-28T18:00:00Z,19.149
300234063700990,-58.577,44.967,2021-08-29T00:00:00Z,18.772
300234063700990,-58.676,44.933,2021-08-29T06:00:00Z,18.544
300234063700990,-58.692,44.953,2021-08-29T12:00:00Z,18.552
300234063700990,-58.705,44.923,2021-08-29T18:00:00Z,18.741
300234063700990,-58.73,44.927,2021-08-30T00:00:00Z,18.67
300234063700990,-58.743,44.913,2021-08-30T06:00:00Z,18.583
300234063700990,-58.764,44.898,2021-08-30T12:00:00Z,18.652
300234063700990,-58.816,44.907,2021-08-30T18:00:00Z,18.893
300234063700990,-58.774,44.926,2021-08-31T00:00:00Z,18.788
300234063700990,-58.789,44.884,2021-08-31T06:00:00Z,18.654
300234063700990,-58.816,44.885,2021-08-31T12:00:00Z,18.634
300234063700990,-58.791,44.871,2021-08-31T18:00:00Z,18.681
300234063700990,-58.822,44.852,2021-09-01T00:00:00Z,18.752
300234063700990,-58.82,44.856,2021-09-01T06:00:00Z,18.784
300234063700990,-58.828,44.815,2021-09-01T12:00:00Z,18.855
300234063700990,-58.88,44.822,2021-09-01T18:00:00Z,19.135
300234063700990,-58.83,44.841,2021-09-02T00:00:00Z,19.116
300234063700990,-58.834,44.79,2021-09-02T06:00:00Z,18.917
300234063700990,-58.892,44.796,2021-09-02T12:00:00Z,18.853
300234063700990,-58.87,44.8,2021-09-02T18:00:00Z,19.042
300234063700990,-58.874,44.802,2021-09-03T00:00:00Z,18.997
300234063700990,-58.826,44.821,2021-09-03T06:00:00Z,18.855
300234063700990,-58.76,44.778,2021-09-03T12:00:00Z,18.729
300234063700990,-58.799,44.714,2021-09-03T18:00:00Z,18.708
300234063700990,-58.808,44.761,2021-09-04T00:00:00Z,18.681
300234063700990,-58.736,44.725,2021-09-04T06:00:00Z,18.627
300234063700990,-58.772,44.693,2021-09-04T12:00:00Z,18.585
300234063700990,-58.768,44.69,2021-09-04T18:00:00Z,18.609
300234063700990,-58.728,44.679,2021-09-05T00:00:00Z,18.544
300234063700990,-58.715,44.638,2021-09-05T06:00:00Z,18.462
300234063700990,-58.735,44.628,2021-09-05T12:00:00Z,18.413
300234063700990,-58.759,44.567,2021-09-05T18:00:00Z,18.443
300234063700990,-58.823,44.58,2021-09-06T00:00:00Z,18.438
300234063700990,-58.798,44.579,2021-09-06T06:00:00Z,18.439
300234063700990,-58.811,44.536,2021-09-06T12:00:00Z,18.492
300234063700990,-58.914,44.521,2021-09-06T18:00:00Z,18.602
300234063700990,-58.917,44.591,2021-09-07T00:00:00Z,18.557
300234063700990,-58.854,44.558,2021-09-07T06:00:00Z,18.521
300234063700990,-58.898,44.558,2021-09-07T12:00:00Z,18.544
300234063700990,-58.864,44.527,2021-09-07T18:00:00Z,18.59
300234063700990,-58.933,44.523,2021-09-08T00:00:00Z,18.536
300234063700990,-58.909,44.516,2021-09-08T06:00:00Z,18.476
300234063700990,-58.913,44.518,2021-09-08T12:00:00Z,18.424
300234063700990,-58.945,44.465,2021-09-08T18:00:00Z,18.567
300234063700990,-59.03,44.518,2021-09-09T00:00:00Z,18.53
300234063700990,-58.985,44.472,2021-09-09T06:00:00Z,18.461
300234063700990,-59.075,44.479,2021-09-09T12:00:00Z,18.553
300234063700990,-59.082,44.463,2021-09-09T18:00:00Z,18.891
300234063700990,-59.122,44.472,2021-09-10T00:00:00Z,18.879
300234063700990,-59.135,44.467,2021-09-10T06:00:00Z,18.804
300234063700990,-59.123,44.526,2021-09-10T12:00:00Z,18.857
300234063700990,-59.068,44.486,2021-09-10T18:00:00Z,18.872
300234063700990,-59.172,44.509,2021-09-11T00:00:00Z,18.827
300234063700990,-59.122,44.464,2021-09-11T06:00:00Z,18.74
300234063700990,-59.202,44.43,2021-09-11T12:00:00Z,18.696
300234063700990,-59.185,44.458,2021-09-11T18:00:00Z,18.752
300234063700990,-59.138,44.412,2021-09-12T00:00:00Z,18.672
300234063700990,-59.154,44.37,2021-09-12T06:00:00Z,18.541
300234063700990,-59.177,44.357,2021-09-12T12:00:00Z,18.528
300234063700990,-59.207,44.356,2021-09-12T18:00:00Z,18.649
300234063700990,-59.18,44.356,2021-09-13T00:00:00Z,18.628
300234063700990,-59.202,44.347,2021-09-13T06:00:00Z,18.539
300234063700990,-59.139,44.308,2021-09-13T12:00:00Z,18.523
300234063700990,-59.206,44.316,2021-09-13T18:00:00Z,18.561
300234063700990,-59.128,44.359,2021-09-14T00:00:00Z,18.556
300234063700990,-59.152,44.329,2021-09-14T06:00:00Z,18.508
300234063700990,-59.214,44.307,2021-09-14T12:00:00Z,18.501
300234063700990,-59.25,44.348,2021-09-14T18:00:00Z,18.615
300234063700990,-59.182,44.364,2021-09-15T00:00:00Z,18.558
300234063700990,-59.261,44.33,2021-09-15T06:00:00Z,18.422
300234063700990,-59.282,44.37,2021-09-15T12:00:00Z,18.478
300234063700990,-59.305,44.33,2021-09-15T18:00:00Z,18.702
300234063700990,-59.314,44.395,2021-09-16T00:00:00Z,18.511
300234063700990,-59.293,44.38,2021-09-16T06:00:00Z,18.387
300234063700990,-59.291,44.369,2021-09-16T12:00:00Z,18.332
300234063700990,-59.347,44.355,2021-09-16T18:00:00Z,18.34
300234063700990,-59.331,44.417,2021-09-17T00:00:00Z,18.248
300234063700990,-59.311,44.373,2021-09-17T06:00:00Z,18.227
300234063700990,-59.402,44.374,2021-09-17T12:00:00Z,18.321
300234063700990,-59.41,44.361,2021-09-17T18:00:00Z,18.505
300234063700990,-59.482,44.382,2021-09-18T00:00:00Z,18.485
300234063700990,-59.447,44.389,2021-09-18T06:00:00Z,18.47
300234063700990,-59.515,44.379,2021-09-18T12:00:00Z,18.496
300234063700990,-59.523,44.375,2021-09-18T18:00:00Z,18.663
300234063700990,-59.577,44.386,2021-09-19T00:00:00Z,18.673
300234063700990,-59.553,44.391,2021-09-19T06:00:00Z,18.553
300234063700990,-59.618,44.372,2021-09-19T12:00:00Z,18.449
300234063700990,-59.671,44.363,2021-09-19T18:00:00Z,18.335
300234063700990,-59.777,44.369,2021-09-20T00:00:00Z,18.137
300234063700990,-59.795,44.361,2021-09-20T06:00:00Z,17.939
300234063700990,-59.887,44.344,2021-09-20T12:00:00Z,17.793
300234063700990,-59.921,44.343,2021-09-20T18:00:00Z,17.767
300234063700990,-59.942,44.316,2021-09-21T00:00:00Z,17.713
300234063700990,-59.919,44.306,2021-09-21T06:00:00Z,17.646
300234063700990,-59.908,44.295,2021-09-21T12:00:00Z,17.73
300234063700990,-59.892,44.287,2021-09-21T18:00:00Z,18.085
300234063700990,-59.898,44.301,2021-09-22T00:00:00Z,17.87
300234063700990,-59.875,44.309,2021-09-22T06:00:00Z,17.672
300234063700990,-59.903,44.324,2021-09-22T12:00:00Z,17.693
300234063700990,-59.914,44.328,2021-09-22T18:00:00Z,17.886
300234063700990,-59.957,44.344,2021-09-23T00:00:00Z,17.866
300234063700990,-59.946,44.345,2021-09-23T06:00:00Z,17.785
300234063700990,-59.969,44.348,2021-09-23T12:00:00Z,17.858
300234063700990,-59.966,44.348,2021-09-23T18:00:00Z,18.211
300234063700990,-59.977,44.355,2021-09-24T00:00:00Z,18.202
300234063700990,-59.968,44.348,2021-09-24T06:00:00Z,18.02
300234063700990,-59.986,44.355,2021-09-24T12:00:00Z,18.115
300234063700990,-59.955,44.363,2021-09-24T18:00:00Z,19.205
300234063700990,-59.964,44.365,2021-09-25T00:00:00Z,18.483
300234063700990,-59.969,44.371,2021-09-25T06:00:00Z,18.032
300234063700990,-59.968,44.397,2021-09-25T12:00:00Z,17.967
300234063700990,-59.937,44.418,2021-09-25T18:00:00Z,18.03
300234063700990,-59.935,44.46,2021-09-26T00:00:00Z,18.042
300234063700990,-59.888,44.462,2021-09-26T06:00:00Z,18.009
300234063700990,-59.917,44.482,2021-09-26T12:00:00Z,17.919
300234063700990,-59.846,44.532,2021-09-26T18:00:00Z,17.918
300234063700990,-59.808,44.558,2021-09-27T00:00:00Z,17.941
300234063700990,-59.762,44.587,2021-09-27T06:00:00Z,17.96
300234063700990,-59.749,44.56,2021-09-27T12:00:00Z,17.95
300234063700990,-59.733,44.565,2021-09-27T18:00:00Z,17.963
300234063700990,-59.707,44.553,2021-09-28T00:00:00Z,17.893
300234063700990,-59.666,44.56,2021-09-28T06:00:00Z,17.813
300234063700990,-59.675,44.535,2021-09-28T12:00:00Z,17.797
300234063700990,-59.636,44.578,2021-09-28T18:00:00Z,17.827
300234063700990,-59.577,44.544,2021-09-29T00:00:00Z,17.819
300234063700990,-59.606,44.563,2021-09-29T06:00:00Z,17.799
300234063700990,-59.579,44.565,2021-09-29T12:00:00Z,17.816
300234063700990,-59.562,44.583,2021-09-29T18:00:00Z,17.951
300234063700990,-59.542,44.605,2021-09-30T00:00:00Z,17.996
300234063700990,-59.519,44.626,2021-09-30T06:00:00Z,17.976
300234063700990,-59.527,44.605,2021-09-30T12:00:00Z,18.096
300234063700990,-59.579,44.652,2021-09-30T18:00:00Z,18.233
300234063700990,-59.505,44.692,2021-10-01T00:00:00Z,18.162
300234063700990,-59.532,44.673,2021-10-01T06:00:00Z,18.064
300234063700990,-59.553,44.71,2021-10-01T12:00:00Z,17.994
300234063700990,-59.543,44.719,2021-10-01T18:00:00Z,18.106
300234063700990,-59.554,44.744,2021-10-02T00:00:00Z,18.002
300234063700990,-59.56,44.763,2021-10-02T06:00:00Z,17.891
300234063700990,-59.562,44.76,2021-10-02T12:00:00Z,17.808
300234063700990,-59.599,44.759,2021-10-02T18:00:00Z,17.788
300234063700990,-59.58,44.793,2021-10-03T00:00:00Z,17.712
300234063700990,-59.581,44.764,2021-10-03T06:00:00Z,17.64
300234063700990,-59.63,44.784,2021-10-03T12:00:00Z,17.533
300234063700990,-59.617,44.778,2021-10-03T18:00:00Z,17.491
300234063700990,-59.639,44.778,2021-10-04T00:00:00Z,17.412
300234063700990,-59.617,44.784,2021-10-04T06:00:00Z,17.363
300234063700990,-59.634,44.773,2021-10-04T12:00:00Z,17.407
300234063700990,-59.662,44.759,2021-10-04T18:00:00Z,17.427
300234063700990,-59.691,44.771,2021-10-05T00:00:00Z,17.326
300234063700990,-59.683,44.765,2021-10-05T06:00:00Z,17.203
300234063700990,-59.733,44.765,2021-10-05T12:00:00Z,17.2
300234063700990,-59.716,44.756,2021-10-05T18:00:00Z,17.277
300234063700990,-59.762,44.757,2021-10-06T00:00:00Z,17.266
300234063700990,-59.742,44.77,2021-10-06T06:00:00Z,17.205
300234063700990,-59.768,44.767,2021-10-06T12:00:00Z,17.142
300234063700990,-59.751,44.783,2021-10-06T18:00:00Z,17.196
300234063700990,-59.758,44.783,2021-10-07T00:00:00Z,17.141
300234063700990,-59.754,44.794,2021-10-07T06:00:00Z,17.044
300234063700990,-59.778,44.808,2021-10-07T12:00:00Z,16.936
300234063700990,-59.767,44.832,2021-10-07T18:00:00Z,17.081
300234063700990,-59.786,44.837,2021-10-08T00:00:00Z,17.011
300234063700990,-59.79,44.866,2021-10-08T06:00:00Z,16.87
300234063700990,-59.789,44.877,2021-10-08T12:00:00Z,16.776
300234063700990,-59.874,44.851,2021-10-08T18:00:00Z,16.643
300234063700990,-59.963,44.89,2021-10-09T00:00:00Z,16.541
300234063700990,-59.961,44.867,2021-10-09T06:00:00Z,16.374
300234063700990,-60.058,44.865,2021-10-09T12:00:00Z,16.261
300234063700990,-60.058,44.893,2021-10-09T18:00:00Z,16.258
300234063700990,-60.069,44.86,2021-10-10T00:00:00Z,16.197
300234063700990,-60.153,44.845,2021-10-10T06:00:00Z,16.132
300234063700990,-60.15,44.861,2021-10-10T12:00:00Z,16.114
300234063700990,-60.154,44.841,2021-10-10T18:00:00Z,16.149
300234063700990,-60.172,44.854,2021-10-11T00:00:00Z,16.094
300234063700990,-60.173,44.824,2021-10-11T06:00:00Z,16.041
300234063700990,-60.211,44.814,2021-10-11T12:00:00Z,16.02
300234063700990,-60.204,44.826,2021-10-11T18:00:00Z,16.023
300234063700990,-60.207,44.8,2021-10-12T00:00:00Z,16.017
300234063700990,-60.255,44.778,2021-10-12T06:00:00Z,15.966
300234063700990,-60.27,44.758,2021-10-12T12:00:00Z,15.963
300234063700990,-60.28,44.744,2021-10-12T18:00:00Z,16.009
300234063700990,-60.281,44.703,2021-10-13T00:00:00Z,15.973
300234063700990,-60.332,44.65,2021-10-13T06:00:00Z,15.956
300234063700990,-60.369,44.62,2021-10-13T12:00:00Z,15.943
300234063700990,-60.335,44.603,2021-10-13T18:00:00Z,16.215
300234063700990,-60.28,44.537,2021-10-14T00:00:00Z,15.984
300234063700990,-60.333,44.479,2021-10-14T06:00:00Z,15.807
300234063700990,-60.379,44.47,2021-10-14T12:00:00Z,15.851
300234063700990,-60.365,44.484,2021-10-14T18:00:00Z,15.819
300234063700990,-60.319,44.433,2021-10-15T00:00:00Z,15.923
300234063700990,-60.383,44.382,2021-10-15T06:00:00Z,15.897
300234063700990,-60.487,44.361,2021-10-15T12:00:00Z,15.851
300234063700990,-60.509,44.395,2021-10-15T18:00:00Z,15.824
300234063700990,-60.493,44.357,2021-10-16T00:00:00Z,15.76
300234063700990,-60.558,44.305,2021-10-16T06:00:00Z,15.694
300234063700990,-60.633,44.299,2021-10-16T12:00:00Z,15.665
300234063700990,-60.683,44.307,2021-10-16T18:00:00Z,15.712
300234063700990,-60.667,44.309,2021-10-17T00:00:00Z,15.69
300234063700990,-60.705,44.256,2021-10-17T06:00:00Z,15.657
300234063700990,-60.738,44.254,2021-10-17T12:00:00Z,15.643
300234063700990,-60.751,44.24,2021-10-17T18:00:00Z,15.649
300234063700990,-60.731,44.275,2021-10-18T00:00:00Z,15.592
300234063700990,-60.689,44.254,2021-10-18T06:00:00Z,15.555
300234063700990,-60.67,44.23,2021-10-18T12:00:00Z,15.55
300234063700990,-60.655,44.179,2021-10-18T18:00:00Z,15.642
300234063700990,-60.633,44.179,2021-10-19T00:00:00Z,15.653
300234063700990,-60.572,44.145,2021-10-19T06:00:00Z,15.581
300234063700990,-60.553,44.152,2021-10-19T12:00:00Z,15.616
300234063700990,-60.486,44.154,2021-10-19T18:00:00Z,15.859
300234063700990,-60.465,44.16,2021-10-20T00:00:00Z,15.63
300234063700990,-60.431,44.164,2021-10-20T06:00:00Z,15.495
300234063700990,-60.431,44.178,2021-10-20T12:00:00Z,15.475
300234063700990,-60.383,44.166,2021-10-20T18:00:00Z,15.508
300234063700990,-60.423,44.143,2021-10-21T00:00:00Z,15.453
300234063700990,-60.444,44.142,2021-10-21T06:00:00Z,15.377
300234063700990,-60.472,44.153,2021-10-21T12:00:00Z,15.316
300234063700990,-60.435,44.164,2021-10-21T18:00:00Z,15.317
300234063700990,-60.491,44.124,2021-10-22T00:00:00Z,15.288
300234063700990,-60.561,44.132,2021-10-22T06:00:00Z,15.27
300234063700990,-60.609,44.162,2021-10-22T12:00:00Z,15.292
300234063700990,-60.57,44.169,2021-10-22T18:00:00Z,15.421
300234063700990,-60.622,44.138,2021-10-23T00:00:00Z,15.372
300234063700990,-60.641,44.136,2021-10-23T06:00:00Z,15.372
300234063700990,-60.669,44.155,2021-10-23T12:00:00Z,15.371
300234063700990,-60.627,44.158,2021-10-23T18:00:00Z,15.357
300234063700990,-60.646,44.136,2021-10-24T00:00:00Z,15.379
300234063700990,-60.681,44.133,2021-10-24T06:00:00Z,15.371
300234063700990,-60.683,44.162,2021-10-24T12:00:00Z,15.309
300234063700990,-60.573,44.134,2021-10-24T18:00:00Z,15.173
300234063700990,-60.539,44.059,2021-10-25T00:00:00Z,15.008
300234063700990,-60.572,43.966,2021-10-25T06:00:00Z,14.918
300234063700990,-60.574,43.97,2021-10-25T12:00:00Z,14.879
300234063700990,-60.559,43.959,2021-10-25T18:00:00Z,14.892
300234063700990,-60.574,43.899,2021-10-26T00:00:00Z,14.829
300234063700990,-60.617,43.879,2021-10-26T06:00:00Z,14.732
300234063700990,-60.675,43.919,2021-10-26T12:00:00Z,14.707
300234063700990,-60.594,43.997,2021-10-26T18:00:00Z,14.741
300234063700990,-60.563,43.982,2021-10-27T00:00:00Z,14.734
300234063700990,-60.651,43.971,2021-10-27T06:00:00Z,14.679
300234063700990,-60.802,44.028,2021-10-27T12:00:00Z,14.62
300234063700990,-60.76,44.119,2021-10-27T18:00:00Z,14.512
300234063700990,-60.689,44.103,2021-10-28T00:00:00Z,14.388
300234063700990,-60.731,44.114,2021-10-28T06:00:00Z,14.243
300234063700990,-60.816,44.148,2021-10-28T12:00:00Z,13.847
300234063700990,-60.788,44.171,2021-10-28T18:00:00Z,13.714
300234063700990,-60.773,44.12,2021-10-29T00:00:00Z,13.7
300234063700990,-60.855,44.101,2021-10-29T06:00:00Z,13.577
300234063700990,-60.931,44.096,2021-10-29T12:00:00Z,13.692
300234063700990,-60.952,44.134,2021-10-29T18:00:00Z,13.712
300234063700990,-60.926,44.154,2021-10-30T00:00:00Z,13.702
300234063700990,-60.949,44.167,2021-10-30T06:00:00Z,13.654
300234063700990,-60.964,44.179,2021-10-30T12:00:00Z,13.555
300234063700990,-60.948,44.212,2021-10-30T18:00:00Z,13.452
300234063700990,-60.877,44.238,2021-10-31T00:00:00Z,13.399
300234063700990,-60.875,44.232,2021-10-31T06:00:00Z,13.375
300234063700990,-60.877,44.249,2021-10-31T12:00:00Z,13.387
300234063700990,-60.862,44.285,2021-10-31T18:00:00Z,13.405
300234063700990,-60.769,44.312,2021-11-01T00:00:00Z,13.39
300234063700990,-60.712,44.307,2021-11-01T06:00:00Z,13.274
300234063700990,-60.648,44.281,2021-11-01T12:00:00Z,13.146
300234063700990,-60.622,44.255,2021-11-01T18:00:00Z,13.133
300234063700990,-60.559,44.254,2021-11-02T00:00:00Z,13.052
300234063700990,-60.518,44.195,2021-11-02T06:00:00Z,13.017
300234063700990,-60.531,44.154,2021-11-02T12:00:00Z,12.967
300234063700990,-60.553,44.137,2021-11-02T18:00:00Z,13.042
300234063700990,-60.509,44.147,2021-11-03T00:00:00Z,12.887
300234063700990,-60.499,44.108,2021-11-03T06:00:00Z,12.833
300234063700990,-60.519,44.112,2021-11-03T12:00:00Z,12.786
300234063700990,-60.517,44.113,2021-11-03T18:00:00Z,12.755
300234063700990,-60.517,44.116,2021-11-04T00:00:00Z,12.798
300234063700990,-60.567,44.087,2021-11-04T06:00:00Z,12.75
300234063700990,-60.604,44.098,2021-11-04T12:00:00Z,12.625
300234063700990,-60.662,44.064,2021-11-04T18:00:00Z,12.649
300234063700990,-60.776,44.099,2021-11-05T00:00:00Z,12.584
300234063700990,-60.833,44.12,2021-11-05T06:00:00Z,12.5
300234063700990,-60.83,44.215,2021-11-05T12:00:00Z,12.477
300234063700990,-60.78,44.208,2021-11-05T18:00:00Z,12.368
300234063700990,-60.84,44.233,2021-11-06T00:00:00Z,12.268
300234063700990,-60.861,44.248,2021-11-06T06:00:00Z,12.216
300234063700990,-60.872,44.295,2021-11-06T12:00:00Z,12.261
300234063700990,-60.788,44.305,2021-11-06T18:00:00Z,12.524
300234063700990,-60.816,44.308,2021-11-07T00:00:00Z,12.583
300234063700990,-60.854,44.318,2021-11-07T06:00:00Z,12.201
300234063700990,-60.928,44.365,2021-11-07T12:00:00Z,12.01
300234063700990,-60.911,44.406,2021-11-07T18:00:00Z,11.891
300234063700990,-60.949,44.403,2021-11-08T00:00:00Z,11.85
300234063700990,-61.022,44.396,2021-11-08T06:00:00Z,11.747
300234063700990,-61.097,44.423,2021-11-08T12:00:00Z,11.638
300234063700990,-61.099,44.482,2021-11-08T18:00:00Z,11.651
300234063700990,-61.127,44.508,2021-11-09T00:00:00Z,11.718
300234063700990,-61.197,44.531,2021-11-09T06:00:00Z,11.692
300234063700990,-61.271,44.563,2021-11-09T12:00:00Z,11.545
300234063700990,-61.308,44.6,2021-11-09T18:00:00Z,11.673
300234063700990,-61.329,44.639,2021-11-10T00:00:00Z,11.99
300234063700990,-61.401,44.668,2021-11-10T06:00:00Z,11.935
300234063700990,-61.521,44.717,2021-11-10T12:00:00Z,11.705
300234063700990,-61.605,44.749,2021-11-10T18:00:00Z,11.486
300234063700990,-61.723,44.721,2021-11-11T00:00:00Z,11.382
300234063700990,-61.894,44.594,2021-11-11T06:00:00Z,11.446
300234063700990,-62.045,44.463,2021-11-11T12:00:00Z,11.518
300234063700990,-62.189,44.404,2021-11-11T18:00:00Z,11.535
300234063700990,-62.301,44.36,2021-11-12T00:00:00Z,11.511
300234063700990,-62.428,44.306,2021-11-12T06:00:00Z,11.538
300234063700990,-62.546,44.287,2021-11-12T12:00:00Z,11.583
300234063700990,-62.616,44.263,2021-11-12T18:00:00Z,11.547
300234063700990,-62.704,44.261,2021-11-13T00:00:00Z,11.468
300234063700990,-62.774,44.302,2021-11-13T06:00:00Z,11.609
300234063700990,-62.831,44.313,2021-11-13T12:00:00Z,11.7
300234063700990,-62.928,44.274,2021-11-13T18:00:00Z,11.621
300234063700990,-63.094,44.216,2021-11-14T00:00:00Z,11.591
300234063700990,-63.188,44.153,2021-11-14T06:00:00Z,11.59
300234063700990,-63.187,44.059,2021-11-14T12:00:00Z,11.752
300234063700990,-63.124,43.932,2021-11-14T18:00:00Z,12.056
300234063700990,-63.163,43.866,2021-11-15T00:00:00Z,12.03
300234063700990,-63.144,43.885,2021-11-15T06:00:00Z,12.006
300234063700990,-63.104,43.838,2021-11-15T12:00:00Z,11.989
300234063700990,-63.145,43.872,2021-11-15T18:00:00Z,12.004
300234063700990,-63.016,43.885,2021-11-16T00:00:00Z,12.025
300234063700990,-62.936,43.829,2021-11-16T06:00:00Z,12.021
300234063700990,-62.934,43.832,2021-11-16T12:00:00Z,11.974
300234063700990,-62.874,43.862,2021-11-16T18:00:00Z,11.975
300234063700990,-62.852,43.855,2021-11-17T00:00:00Z,11.954
300234063700990,-62.871,43.86,2021-11-17T06:00:00Z,11.855
300234063700990,-62.837,43.882,2021-11-17T12:00:00Z,11.865
300234063700990,-62.846,43.866,2021-11-17T18:00:00Z,11.838
300234063700990,-62.905,43.89,2021-11-18T00:00:00Z,11.804
300234063700990,-62.895,43.912,2021-11-18T06:00:00Z,11.742
300234063700990,-62.921,43.897,2021-11-18T12:00:00Z,11.731
300234063700990,-62.933,43.935,2021-11-18T18:00:00Z,11.761
300234063700990,-62.879,43.941,2021-11-19T00:00:00Z,11.806
300234063700990,-62.899,43.908,2021-11-19T06:00:00Z,11.844
300234063700990,-62.886,43.942,2021-11-19T12:00:00Z,11.865
300234063700990,-62.816,43.929,2021-11-19T18:00:00Z,11.76
300234063700990,-62.851,43.871,2021-11-20T00:00:00Z,11.292
300234063700990,-62.931,43.855,2021-11-20T06:00:00Z,11.139
300234063700990,-62.961,43.841,2021-11-20T12:00:00Z,11.097
300234063700990,-63.021,43.816,2021-11-20T18:00:00Z,11.02
300234063700990,-63.077,43.853,2021-11-21T00:00:00Z,10.847
300234063700990,-63.112,43.826,2021-11-21T06:00:00Z,10.823
300234063700990,-63.211,43.833,2021-11-21T12:00:00Z,10.663
300234063700990,-63.231,43.845,2021-11-21T18:00:00Z,10.418
300234063700990,-63.26,43.856,2021-11-22T00:00:00Z,10.575
300234063700990,-63.318,43.832,2021-11-22T06:00:00Z,10.439
300234063700990,-63.408,43.857,2021-11-22T12:00:00Z,10.579
300234063700990,-63.417,43.854,2021-11-22T18:00:00Z,10.737
300234063700990,-63.473,43.851,2021-11-23T00:00:00Z,10.794
300234063700990,-63.542,43.838,2021-11-23T06:00:00Z,10.785
300234063700990,-63.563,43.772,2021-11-23T12:00:00Z,10.758
300234063700990,-63.637,43.701,2021-11-23T18:00:00Z,10.917
300234063700990,-63.66,43.691,2021-11-24T00:00:00Z,10.905
300234063700990,-63.678,43.635,2021-11-24T06:00:00Z,10.852
300234063700990,-63.734,43.584,2021-11-24T12:00:00Z,10.789
300234063700990,-63.723,43.544,2021-11-24T18:00:00Z,10.747
300234063700990,-63.709,43.481,2021-11-25T00:00:00Z,10.846
300234063700990,-63.706,43.459,2021-11-25T06:00:00Z,10.77
300234063700990,-63.669,43.4,2021-11-25T12:00:00Z,10.725
300234063700990,-63.627,43.354,2021-11-25T18:00:00Z,10.704
300234063700990,-63.606,43.343,2021-11-26T00:00:00Z,10.721
300234063700990,-63.569,43.349,2021-11-26T06:00:00Z,10.709
300234063700990,-63.578,43.326,2021-11-26T12:00:00Z,10.627
300234063700990,-63.547,43.357,2021-11-26T18:00:00Z,10.648
300234063700990,-63.484,43.35,2021-11-27T00:00:00Z,10.648
300234063700990,-63.475,43.365,2021-11-27T06:00:00Z,10.696
300234063700990,-63.43,43.38,2021-11-27T12:00:00Z,10.726
300234063700990,-63.337,43.382,2021-11-27T18:00:00Z,10.768
300234063700990,-63.309,43.363,2021-11-28T00:00:00Z,10.805
300234063700990,-63.294,43.409,2021-11-28T06:00:00Z,10.831
300234063700990,-63.238,43.416,2021-11-28T12:00:00Z,10.814
300234063700990,-63.248,43.424,2021-11-28T18:00:00Z,10.81
300234063700990,-63.207,43.469,2021-11-29T00:00:00Z,10.748
300234063700990,-63.166,43.478,2021-11-29T06:00:00Z,10.704
300234063700990,-63.202,43.498,2021-11-29T12:00:00Z,10.708
300234063700990,-63.208,43.557,2021-11-29T18:00:00Z,10.737
300234063700990,-63.155,43.549,2021-11-30T00:00:00Z,10.743
300234063700990,-63.202,43.541,2021-11-30T06:00:00Z,10.719
300234063700990,-63.167,43.561,2021-11-30T12:00:00Z,10.658
300234063700990,-63.148,43.5,2021-11-30T18:00:00Z,10.6
300234063700990,-63.145,43.504,2021-12-01T00:00:00Z,10.555
300234063700990,-63.11,43.507,2021-12-01T06:00:00Z,10.501
300234063700990,-63.08,43.535,2021-12-01T12:00:00Z,10.487
300234063700990,-63.033,43.533,2021-12-01T18:00:00Z,10.452
300234063700990,-63.024,43.557,2021-12-02T00:00:00Z,10.425
300234063700990,-62.985,43.561,2021-12-02T06:00:00Z,10.413
300234063700990,-62.979,43.559,2021-12-02T12:00:00Z,10.403
300234063700990,-62.953,43.568,2021-12-02T18:00:00Z,10.4
300234063700990,-62.924,43.599,2021-12-03T00:00:00Z,10.448
300234063700990,-62.869,43.603,2021-12-03T06:00:00Z,10.505
300234063700990,-62.838,43.61,2021-12-03T12:00:00Z,10.561
300234063700990,-62.735,43.606,2021-12-03T18:00:00Z,10.703
300234063700990,-62.665,43.541,2021-12-04T00:00:00Z,10.94
300234063700990,-62.682,43.51,2021-12-04T06:00:00Z,11.119
300234063700990,-62.654,43.539,2021-12-04T12:00:00Z,11.108
300234063700990,-62.583,43.513,2021-12-04T18:00:00Z,11.086
300234063700990,-62.588,43.528,2021-12-05T00:00:00Z,11.04
300234063700990,-62.57,43.502,2021-12-05T06:00:00Z,11.026
300234063700990,-62.602,43.524,2021-12-05T12:00:00Z,11.045
300234063700990,-62.529,43.513,2021-12-05T18:00:00Z,11.057
300234063700990,-62.528,43.49,2021-12-06T00:00:00Z,11.041
300234063700990,-62.539,43.45,2021-12-06T06:00:00Z,10.814
300234063700990,-62.599,43.502,2021-12-06T12:00:00Z,10.729
300234063700990,-62.516,43.526,2021-12-06T18:00:00Z,10.997
300234063700990,-62.523,43.528,2021-12-07T00:00:00Z,10.999
300234063700990,-62.456,43.559,2021-12-07T06:00:00Z,10.961
300234063700990,-62.363,43.561,2021-12-07T12:00:00Z,10.762
300234063700990,-62.282,43.543,2021-12-07T18:00:00Z,10.72
300234063700990,-62.278,43.526,2021-12-08T00:00:00Z,10.672
300234063700990,-62.277,43.524,2021-12-08T06:00:00Z,10.594
300234063700990,-62.305,43.531,2021-12-08T12:00:00Z,10.573
300234063700990,-62.255,43.562,2021-12-08T18:00:00Z,10.525
300234063700990,-62.246,43.55,2021-12-09T00:00:00Z,10.55
300234063700990,-62.337,43.557,2021-12-09T06:00:00Z,10.583
300234063700990,-62.471,43.529,2021-12-09T12:00:00Z,10.549
300234063700990,-62.492,43.56,2021-12-09T18:00:00Z,10.469
300234063700990,-62.469,43.517,2021-12-10T00:00:00Z,10.392
300234063700990,-62.52,43.523,2021-12-10T06:00:00Z,10.316
300234063700990,-62.531,43.525,2021-12-10T12:00:00Z,10.29
300234063700990,-62.514,43.555,2021-12-10T18:00:00Z,10.29
300234063700990,-62.472,43.525,2021-12-11T00:00:00Z,10.242
300234063700990,-62.499,43.532,2021-12-11T06:00:00Z,10.196
300234063700990,-62.458,43.516,2021-12-11T12:00:00Z,10.17
300234063700990,-62.453,43.53,2021-12-11T18:00:00Z,10.188
300234063700990,-62.405,43.555,2021-12-12T00:00:00Z,10.205
300234063700990,-62.325,43.55,2021-12-12T06:00:00Z,10.173
300234063700990,-62.278,43.534,2021-12-12T12:00:00Z,10.179
300234063700990,-62.21,43.542,2021-12-12T18:00:00Z,10.19
300234063700990,-62.137,43.511,2021-12-13T00:00:00Z,10.206
300234063700990,-62.139,43.512,2021-12-13T06:00:00Z,10.144
300234063700990,-62.076,43.537,2021-12-13T12:00:00Z,10.078
300234063700990,-62.005,43.562,2021-12-13T18:00:00Z,10.026
300234063700990,-61.947,43.561,2021-12-14T00:00:00Z,9.976
300234063700990,-61.953,43.574,2021-12-14T06:00:00Z,9.924
300234063700990,-61.888,43.602,2021-12-14T12:00:00Z,9.836
300234063700990,-61.834,43.58,2021-12-14T18:00:00Z,9.724
300234063700990,-61.837,43.55,2021-12-15T00:00:00Z,9.652
300234063700990,-61.9,43.528,2021-12-15T06:00:00Z,9.568
300234063700990,-61.898,43.545,2021-12-15T12:00:00Z,9.475
300234063700990,-61.908,43.515,2021-12-15T18:00:00Z,9.425
300234063700990,-61.943,43.511,2021-12-16T00:00:00Z,9.377
300234063700990,-61.998,43.492,2021-12-16T06:00:00Z,9.358
300234063700990,-62.014,43.523,2021-12-16T12:00:00Z,9.332
300234063700990,-62.002,43.524,2021-12-16T18:00:00Z,9.344
300234063700990,-62.007,43.557,2021-12-17T00:00:00Z,9.37
300234063700990,-62.006,43.548,2021-12-17T06:00:00Z,9.444
300234063700990,-61.976,43.584,2021-12-17T12:00:00Z,9.399
300234063700990,-61.908,43.586,2021-12-17T18:00:00Z,9.41
300234063700990,-61.883,43.591,2021-12-18T00:00:00Z,9.384
300234063700990,-61.871,43.559,2021-12-18T06:00:00Z,9.396
300234063700990,-61.854,43.601,2021-12-18T12:00:00Z,9.352
300234063700990,-61.803,43.595,2021-12-18T18:00:00Z,9.307
300234063700990,-61.823,43.612,2021-12-19T00:00:00Z,9.291
300234063700990,-61.847,43.602,2021-12-19T06:00:00Z,9.253
300234063700990,-61.862,43.638,2021-12-19T12:00:00Z,9.182
300234063700990,-61.839,43.646,2021-12-19T18:00:00Z,9.154
300234063700990,-61.873,43.67,2021-12-20T00:00:00Z,9.098
300234063700990,-61.913,43.653,2021-12-20T06:00:00Z,9.086
300234063700990,-61.954,43.667,2021-12-20T12:00:00Z,9.047
300234063700990,-61.908,43.652,2021-12-20T18:00:00Z,9.006
300234063700990,-61.899,43.655,2021-12-21T00:00:00Z,8.972
300234063700990,-61.888,43.668,2021-12-21T06:00:00Z,8.932
300234063700990,-61.878,43.705,2021-12-21T12:00:00Z,8.781
300234063700990,-61.789,43.728,2021-12-21T18:00:00Z,8.696
300234063700990,-61.736,43.749,2021-12-22T00:00:00Z,8.67
300234063700990,-61.748,43.734,2021-12-22T06:00:00Z,8.494
300234063700990,-61.788,43.796,2021-12-22T12:00:00Z,8.604
300234063700990,-61.722,43.869,2021-12-22T18:00:00Z,8.689
300234063700990,-61.711,43.92,2021-12-23T00:00:00Z,8.763
300234063700990,-61.704,43.943,2021-12-23T06:00:00Z,8.776
300234063700990,-61.637,43.974,2021-12-23T12:00:00Z,8.79
300234063700990,-61.477,43.98,2021-12-23T18:00:00Z,8.804
300234063700990,-61.397,43.917,2021-12-24T00:00:00Z,8.798
300234063700990,-61.377,43.861,2021-12-24T06:00:00Z,8.789
300234063700990,-61.399,43.817,2021-12-24T12:00:00Z,8.703
300234063700990,-61.349,43.791,2021-12-24T18:00:00Z,8.598
300234063700990,-61.334,43.72,2021-12-25T00:00:00Z,8.455
300234063700990,-61.296,43.652,2021-12-25T06:00:00Z,8.32
300234063700990,-61.302,43.573,2021-12-25T12:00:00Z,8.225
300234063700990,-61.296,43.547,2021-12-25T18:00:00Z,8.19
300234063700990,-61.321,43.5,2021-12-26T00:00:00Z,8.169
300234063700990,-61.361,43.498,2021-12-26T06:00:00Z,8.133
300234063700990,-61.39,43.487,2021-12-26T12:00:00Z,8.128
300234063700990,-61.389,43.513,2021-12-26T18:00:00Z,8.132
300234063700990,-61.376,43.482,2021-12-27T00:00:00Z,8.092
300234063700990,-61.402,43.475,2021-12-27T06:00:00Z,8.034
300234063700990,-61.415,43.442,2021-12-27T12:00:00Z,8.058
300234063700990,-61.427,43.447,2021-12-27T18:00:00Z,8.06
300234063700990,-61.419,43.417,2021-12-28T00:00:00Z,8.032
300234063700990,-61.454,43.422,2021-12-28T06:00:00Z,8.02
300234063700990,-61.459,43.413,2021-12-28T12:00:00Z,8.01
300234063700990,-61.485,43.44,2021-12-28T18:00:00Z,8.008
300234063700990,-61.482,43.427,2021-12-29T00:00:00Z,7.974
300234063700990,-61.537,43.444,2021-12-29T06:00:00Z,7.961
300234063700990,-61.534,43.446,2021-12-29T12:00:00Z,7.969
300234063700990,-61.572,43.443,2021-12-29T18:00:00Z,8.029
300234063700990,-61.587,43.426,2021-12-30T00:00:00Z,8.046
300234063700990,-61.646,43.425,2021-12-30T06:00:00Z,8.059
300234063700990,-61.636,43.438,2021-12-30T12:00:00Z,8.009
300234063700990,-61.665,43.428,2021-12-30T18:00:00Z,8.011
300234063700990,-61.679,43.422,2021-12-31T00:00:00Z,7.968
300234063700990,-61.743,43.409,2021-12-31T06:00:00Z,7.821
300234063700990,-61.735,43.425,2021-12-31T12:00:00Z,7.667
300234063700990,-61.746,43.397,2021-12-31T18:00:00Z,7.745
300234063700990,-61.774,43.394,2022-01-01T00:00:00Z,7.289
300234063700990,-61.842,43.367,2022-01-01T06:00:00Z,7.139
300234063700990,-61.852,43.406,2022-01-01T12:00:00Z,7.246
300234063700990,-61.83,43.389,2022-01-01T18:00:00Z,7.373
300234063700990,-61.832,43.394,2022-01-02T00:00:00Z,7.437
300234063700990,-61.843,43.365,2022-01-02T06:00:00Z,7.262
300234063700990,-61.791,43.409,2022-01-02T12:00:00Z,7.111
300234063700990,-61.706,43.387,2022-01-02T18:00:00Z,7.079
300234063700990,-61.715,43.408,2022-01-03T00:00:00Z,7.172
300234063700990,-61.717,43.376,2022-01-03T06:00:00Z,7.201
300234063700990,-61.754,43.41,2022-01-03T12:00:00Z,7.232
300234063700990,-61.707,43.398,2022-01-03T18:00:00Z,7.227
300234063700990,-61.743,43.419,2022-01-04T00:00:00Z,7.183
300234063700990,-61.762,43.404,2022-01-04T06:00:00Z,7.169
300234063700990,-61.86,43.442,2022-01-04T12:00:00Z,7.306
300234063700990,-61.848,43.447,2022-01-04T18:00:00Z,7.217
300234063700990,-61.878,43.444,2022-01-05T00:00:00Z,7.043
300234063700990,-61.908,43.442,2022-01-05T06:00:00Z,6.813
300234063700990,-61.936,43.468,2022-01-05T12:00:00Z,6.611
300234063700990,-61.902,43.483,2022-01-05T18:00:00Z,6.646
300234063700990,-61.929,43.496,2022-01-06T00:00:00Z,6.716
300234063700990,-61.924,43.521,2022-01-06T06:00:00Z,6.909
300234063700990,-61.91,43.552,2022-01-06T12:00:00Z,7.227
300234063700990,-61.812,43.562,2022-01-06T18:00:00Z,7.483
300234063700990,-61.814,43.528,2022-01-07T00:00:00Z,7.405
300234063700990,-61.843,43.536,2022-01-07T06:00:00Z,7.338
300234063700990,-61.887,43.541,2022-01-07T12:00:00Z,7.343
300234063700990,-61.878,43.582,2022-01-07T18:00:00Z,7.382
300234063700990,-61.881,43.595,2022-01-08T00:00:00Z,7.478
300234063700990,-61.766,43.614,2022-01-08T06:00:00Z,7.585
300234063700990,-61.673,43.573,2022-01-08T12:00:00Z,7.582
300234063700990,-61.65,43.525,2022-01-08T18:00:00Z,7.555
300234063700990,-61.695,43.45,2022-01-09T00:00:00Z,7.518
300234063700990,-61.73,43.469,2022-01-09T06:00:00Z,7.457
300234063700990,-61.713,43.44,2022-01-09T12:00:00Z,7.466
300234063700990,-61.723,43.447,2022-01-09T18:00:00Z,7.509
300234063700990,-61.716,43.434,2022-01-10T00:00:00Z,7.48
300234063700990,-61.683,43.461,2022-01-10T06:00:00Z,7.494
300234063700990,-61.606,43.443,2022-01-10T12:00:00Z,7.474
300234063700990,-61.596,43.423,2022-01-10T18:00:00Z,7.398
300234063700990,-61.614,43.382,2022-01-11T00:00:00Z,7.317
300234063700990,-61.65,43.392,2022-01-11T06:00:00Z,7.248
300234063700990,-61.633,43.382,2022-01-11T12:00:00Z,7.191
300234063700990,-61.656,43.381,2022-01-11T18:00:00Z,7.094
300234063700990,-61.659,43.365,2022-01-12T00:00:00Z,6.992
300234063700990,-61.683,43.373,2022-01-12T06:00:00Z,6.535
300234063700990,-61.655,43.405,2022-01-12T12:00:00Z,6.345
300234063700990,-61.668,43.419,2022-01-12T18:00:00Z,6.642
300234063700990,-61.671,43.422,2022-01-13T00:00:00Z,6.642
300234063700990,-61.703,43.446,2022-01-13T06:00:00Z,6.578
300234063700990,-61.654,43.48,2022-01-13T12:00:00Z,6.626
300234063700990,-61.634,43.476,2022-01-13T18:00:00Z,6.645
300234063700990,-61.637,43.481,2022-01-14T00:00:00Z,6.662
300234063700990,-61.657,43.482,2022-01-14T06:00:00Z,6.637
300234063700990,-61.638,43.51,2022-01-14T12:00:00Z,6.652
300234063700990,-61.62,43.511,2022-01-14T18:00:00Z,6.055
300234063700990,-61.616,43.531,2022-01-15T00:00:00Z,6.102
300234063700990,-61.659,43.571,2022-01-15T06:00:00Z,6.378
300234063700990,-61.57,43.664,2022-01-15T12:00:00Z,6.299
300234063700990,-61.492,43.653,2022-01-15T18:00:00Z,6.093
300234063700990,-61.448,43.604,2022-01-16T00:00:00Z,5.826
300234063700990,-61.445,43.544,2022-01-16T06:00:00Z,5.598
300234063700990,-61.418,43.551,2022-01-16T12:00:00Z,5.427
300234063700990,-61.39,43.501,2022-01-16T18:00:00Z,5.353
300234063700990,-61.414,43.49,2022-01-17T00:00:00Z,5.242
300234063700990,-61.463,43.459,2022-01-17T06:00:00Z,5.169
300234063700990,-61.5,43.502,2022-01-17T12:00:00Z,5.196
300234063700990,-61.498,43.506,2022-01-17T18:00:00Z,5.289
300234063700990,-61.538,43.564,2022-01-18T00:00:00Z,5.502
300234063700990,-61.533,43.603,2022-01-18T06:00:00Z,5.677
300234063700990,-61.468,43.686,2022-01-18T12:00:00Z,5.698
300234063700990,-61.373,43.66,2022-01-18T18:00:00Z,5.621
300234063700990,-61.354,43.648,2022-01-19T00:00:00Z,5.579
300234063700990,-61.31,43.59,2022-01-19T06:00:00Z,5.544
300234063700990,-61.287,43.591,2022-01-19T12:00:00Z,5.476
300234063700990,-61.216,43.545,2022-01-19T18:00:00Z,5.451
300234063700990,-61.227,43.534,2022-01-20T00:00:00Z,5.441
300234063700990,-61.22,43.504,2022-01-20T06:00:00Z,5.427
300234063700990,-61.293,43.545,2022-01-20T12:00:00Z,5.325
300234063700990,-61.255,43.571,2022-01-20T18:00:00Z,5.288
300234063700990,-61.285,43.589,2022-01-21T00:00:00Z,5.222
300234063700990,-61.293,43.606,2022-01-21T06:00:00Z,5.147
300234063700990,-61.361,43.647,2022-01-21T12:00:00Z,5.119
300234063700990,-61.336,43.678,2022-01-21T18:00:00Z,5.096
300234063700990,-61.377,43.678,2022-01-22T00:00:00Z,5.055
300234063700990,-61.399,43.683,2022-01-22T06:00:00Z,4.994
300234063700990,-61.468,43.71,2022-01-22T12:00:00Z,4.959
300234063700990,-61.435,43.773,2022-01-22T18:00:00Z,5.031
300234063700990,-61.453,43.791,2022-01-23T00:00:00Z,5.167
300234063700990,-61.467,43.828,2022-01-23T06:00:00Z,5.193
300234063700990,-61.488,43.863,2022-01-23T12:00:00Z,5.188
300234063700990,-61.398,43.909,2022-01-23T18:00:00Z,5.326
300234063700990,-61.338,43.896,2022-01-24T00:00:00Z,5.454
300234063700990,-61.282,43.92,2022-01-24T06:00:00Z,5.5
300234063700990,-61.258,43.923,2022-01-24T12:00:00Z,5.558
300234063700990,-61.212,43.97,2022-01-24T18:00:00Z,5.551
300234063700990,-61.171,43.952,2022-01-25T00:00:00Z,5.479
300234063700990,-61.172,43.978,2022-01-25T06:00:00Z,5.403
300234063700990,-61.14,43.996,2022-01-25T12:00:00Z,5.298
300234063700990,-61.121,44.039,2022-01-25T18:00:00Z,5.419
300234063700990,-61.111,44.052,2022-01-26T00:00:00Z,5.486
300234063700990,-61.105,44.072,2022-01-26T06:00:00Z,5.432
300234063700990,-61.082,44.065,2022-01-26T12:00:00Z,5.331
300234063700990,-61.11,44.075,2022-01-26T18:00:00Z,5.368
300234063700990,-61.14,44.069,2022-01-27T00:00:00Z,5.417
300234063700990,-61.18,44.099,2022-01-27T06:00:00Z,5.496
300234063700990,-61.166,44.121,2022-01-27T12:00:00Z,5.514
300234063700990,-61.189,44.137,2022-01-27T18:00:00Z,5.262
300234063700990,-61.212,44.15,2022-01-28T00:00:00Z,4.754
300234063700990,-61.229,44.191,2022-01-28T06:00:00Z,4.807
300234063700990,-61.165,44.239,2022-01-28T12:00:00Z,5.125
300234063700990,-61.119,44.261,2022-01-28T18:00:00Z,5.301
300234063700990,-61.116,44.266,2022-01-29T00:00:00Z,4.983
300234063700990,-61.174,44.285,2022-01-29T06:00:00Z,5.144
300234063700990,-61.173,44.334,2022-01-29T12:00:00Z,5.493
300234063700990,-61.213,44.353,2022-01-29T18:00:00Z,5.651
300234063700990,-61.284,44.418,2022-01-30T00:00:00Z,5.493
300234063700990,-61.273,44.431,2022-01-30T06:00:00Z,4.861
300234063700990,-61.26,44.467,2022-01-30T12:00:00Z,5.509
300234063700990,-61.157,44.48,2022-01-30T18:00:00Z,5.547
300234063700990,-61.124,44.453,2022-01-31T00:00:00Z,5.471
300234063700990,-61.142,44.436,2022-01-31T06:00:00Z,5.405
300234063700990,-61.122,44.447,2022-01-31T12:00:00Z,5.351
300234063700990,-61.097,44.434,2022-01-31T18:00:00Z,5.265
300234063700990,-61.129,44.435,2022-02-01T00:00:00Z,5.243
300234063700990,-61.193,44.415,2022-02-01T06:00:00Z,4.655
300234063700990,-61.264,44.455,2022-02-01T12:00:00Z,4.307
300234063700990,-61.228,44.474,2022-02-01T18:00:00Z,4.375
300234063700990,-61.245,44.47,2022-02-02T00:00:00Z,4.399
300234063700990,-61.289,44.461,2022-02-02T06:00:00Z,4.343
300234063700990,-61.308,44.473,2022-02-02T12:00:00Z,4.219
300234063700990,-61.281,44.494,2022-02-02T18:00:00Z,4.407
300234063700990,-61.269,44.514,2022-02-03T00:00:00Z,4.489
300234063700990,-61.288,44.542,2022-02-03T06:00:00Z,4.611
300234063700990,-61.325,44.587,2022-02-03T12:00:00Z,4.624
300234063700990,-61.304,44.627,2022-02-03T18:00:00Z,4.558
300234063700990,-61.289,44.624,2022-02-04T00:00:00Z,4.041
300234063700990,-61.368,44.584,2022-02-04T06:00:00Z,3.298
300234063700990,-61.473,44.563,2022-02-04T12:00:00Z,3.328
300234063700990,-61.479,44.532,2022-02-04T18:00:00Z,3.689
300234063700990,-61.452,44.526,2022-02-05T00:00:00Z,3.842
300234063700990,-61.414,44.508,2022-02-05T06:00:00Z,3.721
300234063700990,-61.456,44.519,2022-02-05T12:00:00Z,3.73
300234063700990,-61.438,44.557,2022-02-05T18:00:00Z,3.878
300234063700990,-61.44,44.554,2022-02-06T00:00:00Z,4.177
300234063700990,-61.489,44.542,2022-02-06T06:00:00Z,4.601
300234063700990,-61.532,44.558,2022-02-06T12:00:00Z,4.745
300234063700990,-61.564,44.568,2022-02-06T18:00:00Z,4.721
300234063700990,-61.618,44.583,2022-02-07T00:00:00Z,4.652
300234063700990,-61.655,44.615,2022-02-07T06:00:00Z,4.208
300234063700990,-61.73,44.615,2022-02-07T12:00:00Z,3.514
300234063700990,-61.833,44.618,2022-02-07T18:00:00Z,3.323
300234063700990,-61.914,44.573,2022-02-08T00:00:00Z,3.2
300234063700990,-61.971,44.516,2022-02-08T06:00:00Z,2.889
300234063700990,-61.949,44.456,2022-02-08T12:00:00Z,2.753
300234063700990,-61.916,44.419,2022-02-08T18:00:00Z,3.012
300234063700990,-61.893,44.448,2022-02-09T00:00:00Z,3.678
300234063700990,-61.818,44.417,2022-02-09T06:00:00Z,4.126
300234063700990,-61.798,44.404,2022-02-09T12:00:00Z,4.221
300234063700990,-61.755,44.404,2022-02-09T18:00:00Z,4.257
300234063700990,-61.776,44.378,2022-02-10T00:00:00Z,4.24
300234063700990,-61.799,44.406,2022-02-10T06:00:00Z,4.179
300234063700990,-61.758,44.411,2022-02-10T12:00:00Z,4.142
300234063700990,-61.801,44.405,2022-02-10T18:00:00Z,4.124
300234063700990,-61.834,44.407,2022-02-11T00:00:00Z,4.053
300234063700990,-61.883,44.384,2022-02-11T06:00:00Z,3.984
300234063700990,-61.897,44.373,2022-02-11T12:00:00Z,4.033
300234063700990,-61.891,44.342,2022-02-11T18:00:00Z,4.02
300234063700990,-61.928,44.313,2022-02-12T00:00:00Z,3.904
300234063700990,-61.952,44.284,2022-02-12T06:00:00Z,3.628
300234063700990,-61.942,44.264,2022-02-12T12:00:00Z,3.528
300234063700990,-61.92,44.238,2022-02-12T18:00:00Z,3.358
300234063700990,-61.916,44.214,2022-02-13T00:00:00Z,3.381
300234063700990,-61.893,44.182,2022-02-13T06:00:00Z,3.312
300234063700990,-61.852,44.156,2022-02-13T12:00:00Z,3.394
300234063700990,-61.807,44.15,2022-02-13T18:00:00Z,3.545
300234063700990,-61.782,44.138,2022-02-14T00:00:00Z,3.485
300234063700990,-61.811,44.105,2022-02-14T06:00:00Z,3.47
300234063700990,-61.867,44.127,2022-02-14T12:00:00Z,3.395
300234063700990,-61.841,44.125,2022-02-14T18:00:00Z,3.215
300234063700990,-61.862,44.092,2022-02-15T00:00:00Z,3.169
300234063700990,-61.884,44.051,2022-02-15T06:00:00Z,3.224
300234063700990,-61.9,44.023,2022-02-15T12:00:00Z,3.301
300234063700990,-61.883,43.987,2022-02-15T18:00:00Z,3.402
300234063700990,-61.883,43.942,2022-02-16T00:00:00Z,3.633
300234063700990,-61.924,43.864,2022-02-16T06:00:00Z,4.012
300234063700990,-61.992,43.854,2022-02-16T12:00:00Z,4.259
300234063700990,-61.999,43.849,2022-02-16T18:00:00Z,4.154
300234063700990,-62.036,43.849,2022-02-17T00:00:00Z,3.879
300234063700990,-62.058,43.833,2022-02-17T06:00:00Z,3.883
300234063700990,-62.031,43.837,2022-02-17T12:00:00Z,4.207
300234063700990,-61.961,43.829,2022-02-17T18:00:00Z,4.406
300234063700990,-61.93,43.837,2022-02-18T00:00:00Z,4.592
300234063700990,-61.9,43.834,2022-02-18T06:00:00Z,4.53
300234063700990,-61.896,43.851,2022-02-18T12:00:00Z,4.476
300234063700990,-61.802,43.886,2022-02-18T18:00:00Z,4.539
300234063700990,-61.712,43.91,2022-02-19T00:00:00Z,4.509
300234063700990,-61.682,43.834,2022-02-19T06:00:00Z,4.669
300234063700990,-61.762,43.812,2022-02-19T12:00:00Z,4.734
300234063700990,-61.738,43.818,2022-02-19T18:00:00Z,4.731
300234063700990,-61.716,43.81,2022-02-20T00:00:00Z,4.663
300234063700990,-61.693,43.787,2022-02-20T06:00:00Z,4.731
300234063700990,-61.722,43.775,2022-02-20T12:00:00Z,4.868
300234063700990,-61.675,43.752,2022-02-20T18:00:00Z,5.022
300234063700990,-61.687,43.716,2022-02-21T00:00:00Z,5.087
300234063700990,-61.676,43.717,2022-02-21T06:00:00Z,5.096
300234063700990,-61.667,43.72,2022-02-21T12:00:00Z,5.106
300234063700990,-61.621,43.73,2022-02-21T18:00:00Z,5.137
300234063700990,-61.633,43.721,2022-02-22T00:00:00Z,5.064
300234063700990,-61.628,43.767,2022-02-22T06:00:00Z,4.985
300234063700990,-61.636,43.762,2022-02-22T12:00:00Z,4.978
300234063700990,-61.676,43.786,2022-02-22T18:00:00Z,5.07
300234063700990,-61.708,43.794,2022-02-23T00:00:00Z,5.002
300234063700990,-61.691,43.834,2022-02-23T06:00:00Z,4.841
300234063700990,-61.64,43.837,2022-02-23T12:00:00Z,4.893
300234063700990,-61.575,43.877,2022-02-23T18:00:00Z,5.07
300234063700990,-61.535,43.867,2022-02-24T00:00:00Z,4.943
300234063700990,-61.499,43.875,2022-02-24T06:00:00Z,4.903
300234063700990,-61.433,43.83,2022-02-24T12:00:00Z,5.022
300234063700990,-61.437,43.798,2022-02-24T18:00:00Z,5.005
300234063700990,-61.478,43.738,2022-02-25T00:00:00Z,4.874
300234063700990,-61.538,43.754,2022-02-25T06:00:00Z,4.884
300234063700990,-61.52,43.747,2022-02-25T12:00:00Z,4.889
300234063700990,-61.549,43.754,2022-02-25T18:00:00Z,4.783
300234063700990,-61.587,43.74,2022-02-26T00:00:00Z,4.795
300234063700990,-61.652,43.76,2022-02-26T06:00:00Z,4.765
300234063700990,-61.63,43.768,2022-02-26T12:00:00Z,4.719
300234063700990,-61.644,43.767,2022-02-26T18:00:00Z,4.707
300234063700990,-61.651,43.756,2022-02-27T00:00:00Z,4.714
300234063700990,-61.684,43.762,2022-02-27T06:00:00Z,4.705
300234063700990,-61.626,43.795,2022-02-27T12:00:00Z,4.676
300234063700990,-61.593,43.795,2022-02-27T18:00:00Z,4.659
300234063700990,-61.565,43.795,2022-02-28T00:00:00Z,4.644
300234063700990,-61.584,43.776,2022-02-28T06:00:00Z,4.601
300234063700990,-61.544,43.813,2022-02-28T12:00:00Z,4.554
300234063700990,-61.498,43.776,2022-02-28T18:00:00Z,4.467
300234063700990,-61.494,43.748,2022-03-01T00:00:00Z,4.429
300234063700990,-61.545,43.691,2022-03-01T06:00:00Z,4.368
300234063700990,-61.546,43.729,2022-03-01T12:00:00Z,4.344
300234063700990,-61.51,43.699,2022-03-01T18:00:00Z,4.352
300234063700990,-61.524,43.699,2022-03-02T00:00:00Z,4.329
300234063700990,-61.56,43.659,2022-03-02T06:00:00Z,4.314
300234063700990,-61.575,43.714,2022-03-02T12:00:00Z,4.309
300234063700990,-61.536,43.709,2022-03-02T18:00:00Z,4.291
300234063700990,-61.527,43.725,2022-03-03T00:00:00Z,4.229
300234063700990,-61.524,43.669,2022-03-03T06:00:00Z,4.159
300234063700990,-61.581,43.691,2022-03-03T12:00:00Z,4.141
300234063700990,-61.555,43.69,2022-03-03T18:00:00Z,4.176
300234063700990,-61.567,43.723,2022-03-04T00:00:00Z,4.152
300234063700990,-61.545,43.679,2022-03-04T06:00:00Z,4.106
300234063700990,-61.598,43.686,2022-03-04T12:00:00Z,4.064
300234063700990,-61.56,43.678,2022-03-04T18:00:00Z,4.053
300234063700990,-61.562,43.69,2022-03-05T00:00:00Z,4.036
300234063700990,-61.517,43.668,2022-03-05T06:00:00Z,3.991
300234063700990,-61.536,43.671,2022-03-05T12:00:00Z,3.988
300234063700990,-61.492,43.657,2022-03-05T18:00:00Z,4.013
300234063700990,-61.499,43.653,2022-03-06T00:00:00Z,3.999
300234063700990,-61.464,43.633,2022-03-06T06:00:00Z,3.945
300234063700990,-61.505,43.623,2022-03-06T12:00:00Z,3.81
300234063700990,-61.488,43.635,2022-03-06T18:00:00Z,3.791
300234063700990,-61.514,43.638,2022-03-07T00:00:00Z,3.848
300234063700990,-61.462,43.655,2022-03-07T06:00:00Z,3.778
300234063700990,-61.439,43.639,2022-03-07T12:00:00Z,3.723
300234063700990,-61.422,43.622,2022-03-07T18:00:00Z,3.739
300234063700990,-61.472,43.613,2022-03-08T00:00:00Z,3.732
300234063700990,-61.438,43.663,2022-03-08T06:00:00Z,3.79
300234063700990,-61.38,43.659,2022-03-08T12:00:00Z,3.779
300234063700990,-61.299,43.647,2022-03-08T18:00:00Z,3.725
300234063700990,-61.278,43.582,2022-03-09T00:00:00Z,3.665
300234063700990,-61.252,43.556,2022-03-09T06:00:00Z,3.641
300234063700990,-61.251,43.507,2022-03-09T12:00:00Z,3.648
300234063700990,-61.281,43.498,2022-03-09T18:00:00Z,3.715
300234063700990,-61.314,43.488,2022-03-10T00:00:00Z,3.678
300234063700990,-61.341,43.504,2022-03-10T06:00:00Z,3.593
300234063700990,-61.381,43.5,2022-03-10T12:00:00Z,3.68
300234063700990,-61.418,43.526,2022-03-10T18:00:00Z,3.861
300234063700990,-61.438,43.513,2022-03-11T00:00:00Z,3.837
300234063700990,-61.474,43.538,2022-03-11T06:00:00Z,3.768
300234063700990,-61.474,43.534,2022-03-11T12:00:00Z,3.798
300234063700990,-61.515,43.55,2022-03-11T18:00:00Z,4.097
300234063700990,-61.54,43.562,2022-03-12T00:00:00Z,4.052
300234063700990,-61.57,43.612,2022-03-12T06:00:00Z,3.915
300234063700990,-61.542,43.636,2022-03-12T12:00:00Z,3.856
300234063700990,-61.569,43.639,2022-03-12T18:00:00Z,3.723
300234063700990,-61.561,43.656,2022-03-13T00:00:00Z,3.786
300234063700990,-61.514,43.719,2022-03-13T06:00:00Z,3.918
300234063700990,-61.378,43.745,2022-03-13T12:00:00Z,3.893
300234063700990,-61.274,43.699,2022-03-13T18:00:00Z,3.798
300234063700990,-61.197,43.614,2022-03-14T00:00:00Z,3.751
300234063700990,-61.197,43.563,2022-03-14T06:00:00Z,3.727
300234063700990,-61.189,43.554,2022-03-14T12:00:00Z,3.738
300234063700990,-61.224,43.53,2022-03-14T18:00:00Z,3.779
300234063700990,-61.256,43.528,2022-03-15T00:00:00Z,3.721
300234063700990,-61.314,43.534,2022-03-15T06:00:00Z,3.648
300234063700990,-61.307,43.59,2022-03-15T12:00:00Z,3.648
300234063700990,-61.296,43.588,2022-03-15T18:00:00Z,3.742
300234063700990,-61.306,43.586,2022-03-16T00:00:00Z,3.755
300234063700990,-61.381,43.561,2022-03-16T06:00:00Z,3.711
300234063700990,-61.428,43.628,2022-03-16T12:00:00Z,3.658
300234063700990,-61.445,43.632,2022-03-16T18:00:00Z,3.641
300234063700990,-61.478,43.671,2022-03-17T00:00:00Z,3.638
300234063700990,-61.502,43.663,2022-03-17T06:00:00Z,3.587
300234063700990,-61.506,43.724,2022-03-17T12:00:00Z,3.636
300234063700990,-61.468,43.723,2022-03-17T18:00:00Z,3.837
300234063700990,-61.468,43.769,2022-03-18T00:00:00Z,3.792
300234063700990,-61.455,43.755,2022-03-18T06:00:00Z,3.715
300234063700990,-61.472,43.811,2022-03-18T12:00:00Z,3.759
300234063700990,-61.42,43.808,2022-03-18T18:00:00Z,3.909
300234063700990,-61.41,43.839,2022-03-19T00:00:00Z,3.826
300234063700990,-61.376,43.805,2022-03-19T06:00:00Z,3.715
300234063700990,-61.408,43.831,2022-03-19T12:00:00Z,3.714
300234063700990,-61.373,43.812,2022-03-19T18:00:00Z,3.763
300234063700990,-61.407,43.843,2022-03-20T00:00:00Z,3.773
300234063700990,-61.386,43.85,2022-03-20T06:00:00Z,3.837
300234063700990,-61.408,43.896,2022-03-20T12:00:00Z,3.885
300234063700990,-61.341,43.903,2022-03-20T18:00:00Z,3.914
300234063700990,-61.334,43.921,2022-03-21T00:00:00Z,3.923
300234063700990,-61.294,43.912,2022-03-21T06:00:00Z,3.896
300234063700990,-61.335,43.908,2022-03-21T12:00:00Z,3.855
300234063700990,-61.341,43.9,2022-03-21T18:00:00Z,3.887
300234063700990,-61.378,43.901,2022-03-22T00:00:00Z,3.876
300234063700990,-61.328,43.903,2022-03-22T06:00:00Z,3.87
300234063700990,-61.308,43.886,2022-03-22T12:00:00Z,3.89
300234063700990,-61.268,43.87,2022-03-22T18:00:00Z,3.884
300234063700990,-61.272,43.84,2022-03-23T00:00:00Z,3.839
300234063700990,-61.223,43.842,2022-03-23T06:00:00Z,3.771
300234063700990,-61.21,43.78,2022-03-23T12:00:00Z,3.771
300234063700990,-61.242,43.725,2022-03-23T18:00:00Z,3.786
300234063700990,-61.339,43.681,2022-03-24T00:00:00Z,3.767
300234063700990,-61.364,43.713,2022-03-24T06:00:00Z,3.739
300234063700990,-61.391,43.684,2022-03-24T12:00:00Z,3.75
300234063700990,-61.448,43.698,2022-03-24T18:00:00Z,3.856
300234063700990,-61.504,43.702,2022-03-25T00:00:00Z,3.871
300234063700990,-61.504,43.779,2022-03-25T06:00:00Z,3.816
300234063700990,-61.477,43.791,2022-03-25T12:00:00Z,3.792
300234063700990,-61.511,43.831,2022-03-25T18:00:00Z,3.787
300234063700990,-61.524,43.837,2022-03-26T00:00:00Z,3.827
300234063700990,-61.5,43.887,2022-03-26T06:00:00Z,3.802
300234063700990,-61.395,43.88,2022-03-26T12:00:00Z,3.818
300234063700990,-61.374,43.858,2022-03-26T18:00:00Z,3.985
300234063700990,-61.4,43.819,2022-03-27T00:00:00Z,3.999
300234063700990,-61.439,43.865,2022-03-27T06:00:00Z,3.923
300234063700990,-61.352,43.898,2022-03-27T12:00:00Z,3.872
300234063700990,-61.321,43.886,2022-03-27T18:00:00Z,3.95
300234063700990,-61.321,43.857,2022-03-28T00:00:00Z,3.941
300234063700990,-61.365,43.857,2022-03-28T06:00:00Z,3.882
300234063700990,-61.313,43.888,2022-03-28T12:00:00Z,3.878
300234063700990,-61.304,43.878,2022-03-28T18:00:00Z,4.001
300234063700990,-61.303,43.871,2022-03-29T00:00:00Z,3.949
300234063700990,-61.324,43.857,2022-03-29T06:00:00Z,3.811
300234063700990,-61.275,43.89,2022-03-29T12:00:00Z,3.816
300234063700990,-61.243,43.869,2022-03-29T18:00:00Z,3.817
300234063700990,-61.217,43.869,2022-03-30T00:00:00Z,3.786
300234063700990,-61.211,43.842,2022-03-30T06:00:00Z,3.76
300234063700990,-61.19,43.856,2022-03-30T12:00:00Z,3.737
300234063700990,-61.17,43.81,2022-03-30T18:00:00Z,3.73
300234063700990,-61.174,43.811,2022-03-31T00:00:00Z,3.721
300234063700990,-61.184,43.759,2022-03-31T06:00:00Z,3.675
300234063700990,-61.186,43.785,2022-03-31T12:00:00Z,3.683
300234063700990,-61.165,43.736,2022-03-31T18:00:00Z,3.72
300234063700990,-61.184,43.756,2022-04-01T00:00:00Z,3.737
300234063700990,-61.184,43.719,2022-04-01T06:00:00Z,3.757
300234063700990,-61.213,43.755,2022-04-01T12:00:00Z,3.751
300234063700990,-61.182,43.731,2022-04-01T18:00:00Z,3.802
300234063700990,-61.191,43.764,2022-04-02T00:00:00Z,3.789
300234063700990,-61.147,43.737,2022-04-02T06:00:00Z,3.796
300234063700990,-61.141,43.757,2022-04-02T12:00:00Z,3.797
300234063700990,-61.071,43.714,2022-04-02T18:00:00Z,3.824
300234063700990,-61.061,43.721,2022-04-03T00:00:00Z,3.836
300234063700990,-61.017,43.676,2022-04-03T06:00:00Z,3.805
300234063700990,-61.05,43.681,2022-04-03T12:00:00Z,3.815
300234063700990,-61.02,43.641,2022-04-03T18:00:00Z,3.921
300234063700990,-61.068,43.647,2022-04-04T00:00:00Z,3.894
300234063700990,-61.038,43.638,2022-04-04T06:00:00Z,3.849
300234063700990,-61.092,43.635,2022-04-04T12:00:00Z,3.857
300234063700990,-61.093,43.632,2022-04-04T18:00:00Z,3.889
300234063700990,-61.086,43.659,2022-04-05T00:00:00Z,3.901
300234063700990,-61.027,43.645,2022-04-05T06:00:00Z,3.933
300234063700990,-61.035,43.598,2022-04-05T12:00:00Z,3.968
300234063700990,-61.035,43.559,2022-04-05T18:00:00Z,4.08
300234063700990,-61.094,43.541,2022-04-06T00:00:00Z,4.098
300234063700990,-61.092,43.55,2022-04-06T06:00:00Z,4.077
300234063700990,-61.118,43.53,2022-04-06T12:00:00Z,4.131
300234063700990,-61.152,43.519,2022-04-06T18:00:00Z,4.383
300234063700990,-61.209,43.516,2022-04-07T00:00:00Z,4.419
300234063700990,-61.215,43.537,2022-04-07T06:00:00Z,4.337
300234063700990,-61.254,43.51,2022-04-07T12:00:00Z,4.322
300234063700990,-61.31,43.505,2022-04-07T18:00:00Z,4.396
300234063700990,-61.391,43.497,2022-04-08T00:00:00Z,4.387
300234063700990,-61.422,43.527,2022-04-08T06:00:00Z,4.339
300234063700990,-61.441,43.511,2022-04-08T12:00:00Z,4.316
300234063700990,-61.499,43.519,2022-04-08T18:00:00Z,4.334
300234063700990,-61.548,43.52,2022-04-09T00:00:00Z,4.318
300234063700990,-61.564,43.566,2022-04-09T06:00:00Z,4.324
300234063700990,-61.526,43.563,2022-04-09T12:00:00Z,4.487
300234063700990,-61.559,43.543,2022-04-09T18:00:00Z,5.133
300234063700990,-61.622,43.527,2022-04-10T00:00:00Z,4.812
300234063700990,-61.649,43.552,2022-04-10T06:00:00Z,4.729
300234063700990,-61.643,43.538,2022-04-10T12:00:00Z,4.618
300234063700990,-61.695,43.537,2022-04-10T18:00:00Z,4.613
300234063700990,-61.723,43.511,2022-04-11T00:00:00Z,4.53
300234063700990,-61.773,43.501,2022-04-11T06:00:00Z,4.503
300234063700990,-61.759,43.483,2022-04-11T12:00:00Z,4.464
300234063700990,-61.774,43.447,2022-04-11T18:00:00Z,4.545
300234063700990,-61.815,43.427,2022-04-12T00:00:00Z,4.61
300234063700990,-61.836,43.434,2022-04-12T06:00:00Z,4.562
300234063700990,-61.805,43.434,2022-04-12T12:00:00Z,4.691
300234063700990,-61.834,43.401,2022-04-12T18:00:00Z,4.897
300234063700990,-61.855,43.405,2022-04-13T00:00:00Z,4.81
300234063700990,-61.879,43.38,2022-04-13T06:00:00Z,4.762
300234063700990,-61.876,43.382,2022-04-13T12:00:00Z,4.765
300234063700990,-61.897,43.342,2022-04-13T18:00:00Z,5.01
300234063700990,-61.918,43.351,2022-04-14T00:00:00Z,5.076
300234063700990,-61.947,43.316,2022-04-14T06:00:00Z,5.021
300234063700990,-61.962,43.341,2022-04-14T12:00:00Z,5.023
300234063700990,-61.974,43.308,2022-04-14T18:00:00Z,5.17
300234063700990,-62.004,43.327,2022-04-15T00:00:00Z,5.26
300234063700990,-62.043,43.316,2022-04-15T06:00:00Z,5.013
300234063700990,-62.063,43.362,2022-04-15T12:00:00Z,4.892
300234063700990,-62.079,43.358,2022-04-15T18:00:00Z,4.946
300234063700990,-62.057,43.383,2022-04-16T00:00:00Z,5.004
300234063700990,-62.047,43.328,2022-04-16T06:00:00Z,4.957
300234063700990,-62.073,43.354,2022-04-16T12:00:00Z,5.007
300234063700990,-62.054,43.33,2022-04-16T18:00:00Z,5.185
300234063700990,-62.048,43.343,2022-04-17T00:00:00Z,5.209
300234063700990,-62.056,43.323,2022-04-17T06:00:00Z,5.206
300234063700990,-62.044,43.351,2022-04-17T12:00:00Z,5.237
300234063700990,-62.032,43.291,2022-04-17T18:00:00Z,5.34
300234063700990,-62.055,43.29,2022-04-18T00:00:00Z,5.293
300234063700990,-62.004,43.244,2022-04-18T06:00:00Z,5.193
300234063700990,-62.015,43.196,2022-04-18T12:00:00Z,5.166
300234063700990,-62.047,43.164,2022-04-18T18:00:00Z,5.337
300234063700990,-62.076,43.181,2022-04-19T00:00:00Z,5.359
300234063700990,-62.03,43.154,2022-04-19T06:00:00Z,5.25
300234063700990,-62.106,43.16,2022-04-19T12:00:00Z,5.221
300234063700990,-62.092,43.2,2022-04-19T18:00:00Z,5.302
300234063700990,-62.098,43.209,2022-04-20T00:00:00Z,5.367
300234063700990,-62.044,43.242,2022-04-20T06:00:00Z,5.458
300234063700990,-61.989,43.206,2022-04-20T12:00:00Z,5.496
300234063700990,-61.983,43.187,2022-04-20T18:00:00Z,5.629
300234063700990,-61.976,43.182,2022-04-21T00:00:00Z,5.626
300234063700990,-61.927,43.178,2022-04-21T06:00:00Z,5.607
300234063700990,-61.923,43.135,2022-04-21T12:00:00Z,5.788
300234063700990,-61.961,43.144,2022-04-21T18:00:00Z,6.501
300234063700990,-61.952,43.131,2022-04-22T00:00:00Z,6.133
300234063700990,-61.943,43.134,2022-04-22T06:00:00Z,5.836
300234063700990,-61.927,43.126,2022-04-22T12:00:00Z,5.798
300234063700990,-61.892,43.127,2022-04-22T18:00:00Z,5.851
300234063700990,-61.917,43.078,2022-04-23T00:00:00Z,5.878
300234063700990,-61.91,43.094,2022-04-23T06:00:00Z,5.901
300234063700990,-61.88,43.052,2022-04-23T12:00:00Z,5.96
300234063700990,-61.939,43.001,2022-04-23T18:00:00Z,6.108
300234063700990,-61.956,42.997,2022-04-24T00:00:00Z,6.134
300234063700990,-61.949,42.979,2022-04-24T06:00:00Z,6.078
300234063700990,-61.982,42.917,2022-04-24T12:00:00Z,6.091
300234063700990,-62.033,42.878,2022-04-24T18:00:00Z,6.304
300234063700990,-62.065,42.828,2022-04-25T00:00:00Z,6.427
300234063700990,-62.127,42.755,2022-04-25T06:00:00Z,6.564
300234063700990,-62.175,42.76,2022-04-25T12:00:00Z,6.824
300234063700990,-62.136,42.741,2022-04-25T18:00:00Z,7.012
300234063700990,-62.132,42.673,2022-04-26T00:00:00Z,7.053
300234063700990,-62.169,42.643,2022-04-26T06:00:00Z,7.033
300234063700990,-62.118,42.637,2022-04-26T12:00:00Z,7.088
300234063700990,-62.09,42.535,2022-04-26T18:00:00Z,7.286
300234063700990,-62.148,42.493,2022-04-27T00:00:00Z,7.294
300234063700990,-62.11,42.457,2022-04-27T06:00:00Z,7.261
300234063700990,-62.112,42.353,2022-04-27T12:00:00Z,7.378
300234063700990,-62.186,42.284,2022-04-27T18:00:00Z,7.553
300234063700990,-62.179,42.252,2022-04-28T00:00:00Z,7.534
300234063700990,-62.178,42.148,2022-04-28T06:00:00Z,7.58
300234063700990,-62.231,42.052,2022-04-28T12:00:00Z,7.644
300234063700990,-62.249,41.982,2022-04-28T18:00:00Z,7.73
300234063700990,-62.213,41.897,2022-04-29T00:00:00Z,7.706
300234063700990,-62.238,41.768,2022-04-29T06:00:00Z,7.67
300234063700990,-62.277,41.739,2022-04-29T12:00:00Z,7.682
300234063700990,-62.2,41.685,2022-04-29T18:00:00Z,7.745
300234063700990,-62.24,41.573,2022-04-30T00:00:00Z,7.781
300234063700990,-62.265,41.602,2022-04-30T06:00:00Z,7.771
300234063700990,-62.201,41.553,2022-04-30T12:00:00Z,7.8
300234063700990,-62.25,41.512,2022-04-30T18:00:00Z,7.912
300234063700990,-62.263,41.504,2022-05-01T00:00:00Z,7.928
300234063700990,-62.249,41.496,2022-05-01T06:00:00Z,7.927
300234063700990,-62.263,41.43,2022-05-01T12:00:00Z,7.972
300234063700990,-62.315,41.459,2022-05-01T18:00:00Z,8.113
300234063700990,-62.268,41.421,2022-05-02T00:00:00Z,8.124
300234063700990,-62.337,41.402,2022-05-02T06:00:00Z,8.107
300234063700990,-62.344,41.378,2022-05-02T12:00:00Z,8.136
300234063700990,-62.402,41.357,2022-05-02T18:00:00Z,8.236
300234063700990,-62.442,41.323,2022-05-03T00:00:00Z,8.284
300234063700990,-62.52,41.318,2022-05-03T06:00:00Z,8.33
300234063700990,-62.531,41.282,2022-05-03T12:00:00Z,8.507
300234063700990,-62.621,41.263,2022-05-03T18:00:00Z,9.116
300234063700990,-62.669,41.242,2022-05-04T00:00:00Z,9.471
300234063700990,-62.745,41.218,2022-05-04T06:00:00Z,9.126
300234063700990,-62.816,41.192,2022-05-04T12:00:00Z,8.798
300234063700990,-62.849,41.167,2022-05-04T18:00:00Z,9.26
300234063700990,-62.91,41.139,2022-05-05T00:00:00Z,9.664
300234063700990,-62.925,41.098,2022-05-05T06:00:00Z,11.203
300234063700990,-62.981,41.075,2022-05-05T12:00:00Z,12.42
300234063700990,-62.997,41.034,2022-05-05T18:00:00Z,13.179
300234063700990,-63.107,40.946,2022-05-06T00:00:00Z,14.167
300234063700990,-63.232,40.962,2022-05-06T06:00:00Z,13.506
300234063700990,-63.234,40.932,2022-05-06T12:00:00Z,13.69
300234063700990,-63.339,40.864,2022-05-06T18:00:00Z,14.4
300234063700990,-63.417,40.853,2022-05-07T00:00:00Z,13.763
300234063700990,-63.456,40.817,2022-05-07T06:00:00Z,12.877
300234063700990,-63.546,40.743,2022-05-07T12:00:00Z,13.777
300234063700990,-63.666,40.711,2022-05-07T18:00:00Z,14.801
300234063700990,-63.718,40.657,2022-05-08T00:00:00Z,15.837
300234063700990,-63.832,40.554,2022-05-08T06:00:00Z,16.643
300234063700990,-63.982,40.482,2022-05-08T12:00:00Z,16.297
300234063700990,-64.144,40.384,2022-05-08T18:00:00Z,15.435
300234063700990,-64.367,40.291,2022-05-09T00:00:00Z,15.107
300234063700990,-64.662,40.242,2022-05-09T06:00:00Z,15.121
300234063700990,-64.946,40.256,2022-05-09T12:00:00Z,15.316
300234063700990,-65.176,40.316,2022-05-09T18:00:00Z,15.548
300234063700990,-65.435,40.448,2022-05-10T00:00:00Z,15.768
300234063700990,-65.639,40.668,2022-05-10T06:00:00Z,16.102
300234063700990,-65.788,40.876,2022-05-10T12:00:00Z,16.432
300234063700990,-65.891,41.058,2022-05-10T18:00:00Z,16.555
300234063700990,-65.926,41.212,2022-05-11T00:00:00Z,16.513
300234063700990,-65.881,41.32,2022-05-11T06:00:00Z,16.359
300234063700990,-65.806,41.408,2022-05-11T12:00:00Z,16.226
300234063700990,-65.711,41.455,2022-05-11T18:00:00Z,16.208
300234063700990,-65.594,41.496,2022-05-12T00:00:00Z,15.895
300234063700990,-65.462,41.505,2022-05-12T06:00:00Z,15.238
300234063700990,-65.273,41.471,2022-05-12T12:00:00Z,15.28
300234063700990,-65.214,41.441,2022-05-12T18:00:00Z,14.593
300234063700990,-64.993,41.412,2022-05-13T00:00:00Z,14.599
300234063700990,-64.864,41.271,2022-05-13T06:00:00Z,14.609
300234063700990,-64.74,41.164,2022-05-13T12:00:00Z,13.903
300234063700990,-64.577,40.98,2022-05-13T18:00:00Z,14.62
300234063700990,-64.544,40.75,2022-05-14T00:00:00Z,15.413
300234063700990,-64.544,40.54,2022-05-14T06:00:00Z,14.636
300234063700990,-64.602,40.273,2022-05-14T12:00:00Z,15.627
300234063700990,-64.716,40.039,2022-05-14T18:00:00Z,17.231
300234063700990,-64.815,39.854,2022-05-15T00:00:00Z,16.764
300234063700990,-64.913,39.717,2022-05-15T06:00:00Z,17.793
300234063700990,-64.987,39.665,2022-05-15T12:00:00Z,18.706
300234063700990,-64.961,39.601,2022-05-15T18:00:00Z,21.877
300234063700990,-64.898,39.561,2022-05-16T00:00:00Z,23.685
300234063700990,-64.752,39.537,2022-05-16T06:00:00Z,23.723
300234063700990,-64.559,39.562,2022-05-16T12:00:00Z,23.729
300234063700990,-64.345,39.57,2022-05-16T18:00:00Z,23.746
300234063700990,-64.134,39.581,2022-05-17T00:00:00Z,23.276
300234063700990,-63.906,39.555,2022-05-17T06:00:00Z,22.363
300234063700990,-63.704,39.501,2022-05-17T12:00:00Z,21.777
300234063700990,-63.435,39.472,2022-05-17T18:00:00Z,NaN
300234063700990,-63.124,39.356,2022-05-18T00:00:00Z,21.32
300234063700990,-62.757,39.245,2022-05-18T06:00:00Z,20.907
300234063700990,-62.311,39.143,2022-05-18T12:00:00Z,19.789
300234063700990,-61.913,39.086,2022-05-18T18:00:00Z,18.459
300234063700990,-61.508,39.081,2022-05-19T00:00:00Z,17.937
300234063700990,-61.205,39.161,2022-05-19T06:00:00Z,18.999
300234063700990,-60.959,39.397,2022-05-19T12:00:00Z,21.638
300234063700990,-60.846,39.697,2022-05-19T18:00:00Z,21.675
300234063700990,-60.815,39.979,2022-05-20T00:00:00Z,NaN
300234063700990,-60.796,40.251,2022-05-20T06:00:00Z,NaN
300234063700990,-60.774,40.497,2022-05-20T12:00:00Z,21.616
300234063700990,-60.72,40.616,2022-05-20T18:00:00Z,20.699
300234063700990,-60.776,40.68,2022-05-21T00:00:00Z,19.644
300234063700990,-60.85,40.772,2022-05-21T06:00:00Z,19.287
300234063700990,-60.853,40.824,2022-05-21T12:00:00Z,19.19
300234063700990,-60.881,40.871,2022-05-21T18:00:00Z,19.152
300234063700990,-60.95,40.962,2022-05-22T00:00:00Z,18.812
300234063700990,-60.893,41.009,2022-05-22T06:00:00Z,19.117
300234063700990,-60.968,40.996,2022-05-22T12:00:00Z,19.088
300234063700990,-61.01,41.107,2022-05-22T18:00:00Z,19.386
300234063700990,-60.944,41.111,2022-05-23T00:00:00Z,17.689
300234063700990,-61.028,41.135,2022-05-23T06:00:00Z,16.822
300234063700990,-61.012,41.199,2022-05-23T12:00:00Z,16.273
300234063700990,-61.006,41.21,2022-05-23T18:00:00Z,15.764
300234063700990,-61.032,41.221,2022-05-24T00:00:00Z,15.575
300234063700990,-61.051,41.256,2022-05-24T06:00:00Z,15.011
300234063700990,-61.059,41.248,2022-05-24T12:00:00Z,14.614
300234063700990,-61.129,41.278,2022-05-24T18:00:00Z,15.392
300234063700990,-61.141,41.307,2022-05-25T00:00:00Z,15.339
300234063700990,-61.18,41.333,2022-05-25T06:00:00Z,15.116
300234063700990,-61.199,41.341,2022-05-25T12:00:00Z,15.351
300234063700990,-61.251,41.363,2022-05-25T18:00:00Z,15.525
300234063700990,-61.265,41.395,2022-05-26T00:00:00Z,15.655
300234063700990,-61.283,41.385,2022-05-26T06:00:00Z,16.311
300234063700990,-61.315,41.41,2022-05-26T12:00:00Z,16.945
300234063700990,-61.306,41.422,2022-05-26T18:00:00Z,18.415
300234063700990,-61.312,41.429,2022-05-27T00:00:00Z,19.347
300234063700990,-61.339,41.435,2022-05-27T06:00:00Z,18.452
300234063700990,-61.319,41.482,2022-05-27T12:00:00Z,17.996
300234063700990,-61.291,41.484,2022-05-27T18:00:00Z,18.547
300234063700990,-61.344,41.546,2022-05-28T00:00:00Z,18.766
300234063700990,-61.347,41.562,2022-05-28T06:00:00Z,18.865
300234063700990,-61.412,41.599,2022-05-28T12:00:00Z,19.143
300234063700990,-61.441,41.618,2022-05-28T18:00:00Z,19.3
300234063700990,-61.475,41.67,2022-05-29T00:00:00Z,18.966
300234063700990,-61.479,41.681,2022-05-29T06:00:00Z,18.787
300234063700990,-61.516,41.714,2022-05-29T12:00:00Z,18.696
300234063700990,-61.481,41.752,2022-05-29T18:00:00Z,18.682
300234063700990,-61.537,41.76,2022-05-30T00:00:00Z,18.358
300234063700990,-61.522,41.816,2022-05-30T06:00:00Z,18.432
300234063700990,-61.515,41.812,2022-05-30T12:00:00Z,18.72
300234063700990,-61.498,41.831,2022-05-30T18:00:00Z,18.745
300234063700990,-61.478,41.834,2022-05-31T00:00:00Z,18.455
300234063700990,-61.401,41.828,2022-05-31T06:00:00Z,17.873
300234063700990,-61.371,41.797,2022-05-31T12:00:00Z,17.203
300234063700990,-61.356,41.802,2022-05-31T18:00:00Z,17.753
300234063700990,-61.358,41.802,2022-06-01T00:00:00Z,18.25
300234063700990,-61.34,41.775,2022-06-01T06:00:00Z,18.174
300234063700990,-61.346,41.754,2022-06-01T12:00:00Z,18.076
300234063700990,-61.34,41.786,2022-06-01T18:00:00Z,18.236
300234063700990,-61.314,41.754,2022-06-02T00:00:00Z,18.26
300234063700990,-61.336,41.745,2022-06-02T06:00:00Z,18.13
300234063700990,-61.33,41.741,2022-06-02T12:00:00Z,17.982
300234063700990,-61.326,41.74,2022-06-02T18:00:00Z,17.978
300234063700990,-61.342,41.734,2022-06-03T00:00:00Z,17.902
300234063700990,-61.359,41.758,2022-06-03T06:00:00Z,17.811
300234063700990,-61.329,41.757,2022-06-03T12:00:00Z,17.869
300234063700990,-61.371,41.769,2022-06-03T18:00:00Z,18.163
300234063700990,-61.333,41.809,2022-06-04T00:00:00Z,18.021
300234063700990,-61.322,41.809,2022-06-04T06:00:00Z,17.671
300234063700990,-61.31,41.832,2022-06-04T12:00:00Z,17.623
300234063700990,-61.303,41.839,2022-06-04T18:00:00Z,17.705
300234063700990,-61.273,41.861,2022-06-05T00:00:00Z,17.879
300234063700990,-61.282,41.845,2022-06-05T06:00:00Z,17.885
300234063700990,-61.259,41.864,2022-06-05T12:00:00Z,18.01
300234063700990,-61.254,41.837,2022-06-05T18:00:00Z,19.034
300234063700990,-61.24,41.844,2022-06-06T00:00:00Z,19.036
300234063700990,-61.25,41.803,2022-06-06T06:00:00Z,17.855
300234063700990,-61.257,41.774,2022-06-06T12:00:00Z,17.449
300234063700990,-61.299,41.716,2022-06-06T18:00:00Z,17.387
300234063700990,-61.331,41.696,2022-06-07T00:00:00Z,17.34
300234063700990,-61.365,41.649,2022-06-07T06:00:00Z,17.271
300234063700990,-61.425,41.63,2022-06-07T12:00:00Z,17.383
300234063700990,-61.437,41.611,2022-06-07T18:00:00Z,17.494
300234063700990,-61.451,41.579,2022-06-08T00:00:00Z,17.371
300234063700990,-61.488,41.539,2022-06-08T06:00:00Z,17.441
300234063700990,-61.524,41.525,2022-06-08T12:00:00Z,17.6
300234063700990,-61.556,41.485,2022-06-08T18:00:00Z,17.964
300234063700990,-61.625,41.447,2022-06-09T00:00:00Z,17.997
300234063700990,-61.676,41.432,2022-06-09T06:00:00Z,17.83
300234063700990,-61.703,41.393,2022-06-09T12:00:00Z,17.739
300234063700990,-61.795,41.371,2022-06-09T18:00:00Z,17.715
300234063700990,-61.834,41.348,2022-06-10T00:00:00Z,17.532
300234063700990,-61.903,41.341,2022-06-10T06:00:00Z,17.343
300234063700990,-61.939,41.321,2022-06-10T12:00:00Z,17.332
300234063700990,-62.003,41.321,2022-06-10T18:00:00Z,17.427
300234063700990,-62.062,41.28,2022-06-11T00:00:00Z,17.487
300234063700990,-62.198,41.283,2022-06-11T06:00:00Z,17.504
300234063700990,-62.278,41.305,2022-06-11T12:00:00Z,17.653
300234063700990,-62.358,41.3,2022-06-11T18:00:00Z,17.914
300234063700990,-62.464,41.339,2022-06-12T00:00:00Z,17.849
300234063700990,-62.517,41.364,2022-06-12T06:00:00Z,17.792
300234063700990,-62.58,41.392,2022-06-12T12:00:00Z,17.991
300234063700990,-62.631,41.417,2022-06-12T18:00:00Z,18.368
300234063700990,-62.645,41.463,2022-06-13T00:00:00Z,18.924
300234063700990,-62.659,41.479,2022-06-13T06:00:00Z,18.727
300234063700990,-62.689,41.527,2022-06-13T12:00:00Z,18.332
300234063700990,-62.645,41.585,2022-06-13T18:00:00Z,18.295
300234063700990,-62.635,41.583,2022-06-14T00:00:00Z,18.32
300234063700990,-62.62,41.613,2022-06-14T06:00:00Z,18.437
300234063700990,-62.6,41.592,2022-06-14T12:00:00Z,18.598
300234063700990,-62.605,41.599,2022-06-14T18:00:00Z,18.969
300234063700990,-62.593,41.604,2022-06-15T00:00:00Z,19.021
300234063700990,-62.581,41.593,2022-06-15T06:00:00Z,18.712
300234063700990,-62.599,41.567,2022-06-15T12:00:00Z,18.513
300234063700990,-62.634,41.564,2022-06-15T18:00:00Z,18.392
300234063700990,-62.66,41.578,2022-06-16T00:00:00Z,18.234
300234063700990,-62.673,41.588,2022-06-16T06:00:00Z,18.083
300234063700990,-62.671,41.581,2022-06-16T12:00:00Z,18.063
300234063700990,-62.686,41.577,2022-06-16T18:00:00Z,18.361
300234063700990,-62.673,41.597,2022-06-17T00:00:00Z,18.434
300234063700990,-62.661,41.56,2022-06-17T06:00:00Z,18.164
300234063700990,-62.672,41.587,2022-06-17T12:00:00Z,18.094
300234063700990,-62.632,41.574,2022-06-17T18:00:00Z,18.174
300234063700990,-62.601,41.579,2022-06-18T00:00:00Z,18.207
300234063700990,-62.585,41.556,2022-06-18T06:00:00Z,18.26
300234063700990,-62.547,41.553,2022-06-18T12:00:00Z,18.36
300234063700990,-62.542,41.52,2022-06-18T18:00:00Z,18.414
300234063700990,-62.542,41.506,2022-06-19T00:00:00Z,18.435
300234063700990,-62.511,41.5,2022-06-19T06:00:00Z,18.505
300234063700990,-62.47,41.464,2022-06-19T12:00:00Z,18.649
300234063700990,-62.533,41.418,2022-06-19T18:00:00Z,19.447
300234063700990,-62.554,41.444,2022-06-20T00:00:00Z,19.162
300234063700990,-62.526,41.398,2022-06-20T06:00:00Z,18.615
300234063700990,-62.587,41.354,2022-06-20T12:00:00Z,18.565
300234063700990,-62.604,41.358,2022-06-20T18:00:00Z,18.883
300234063700990,-62.632,41.335,2022-06-21T00:00:00Z,18.884
300234063700990,-62.646,41.314,2022-06-21T06:00:00Z,18.664
300234063700990,-62.71,41.305,2022-06-21T12:00:00Z,18.426
300234063700990,-62.726,41.304,2022-06-21T18:00:00Z,18.038
300234063700990,-62.773,41.285,2022-06-22T00:00:00Z,18.174
300234063700990,-62.813,41.288,2022-06-22T06:00:00Z,17.163
300234063700990,-62.862,41.286,2022-06-22T12:00:00Z,17.161
300234063700990,-62.907,41.273,2022-06-22T18:00:00Z,17.943
300234063700990,-62.979,41.264,2022-06-23T00:00:00Z,18.296
300234063700990,-63.02,41.274,2022-06-23T06:00:00Z,18.544
300234063700990,-63.072,41.249,2022-06-23T12:00:00Z,18.848
300234063700990,-63.136,41.269,2022-06-23T18:00:00Z,19.043
300234063700990,-63.174,41.272,2022-06-24T00:00:00Z,18.9
300234063700990,-63.191,41.3,2022-06-24T06:00:00Z,18.668
300234063700990,-63.242,41.287,2022-06-24T12:00:00Z,18.704
300234063700990,-63.3,41.349,2022-06-24T18:00:00Z,18.792
300234063700990,-63.273,41.36,2022-06-25T00:00:00Z,18.735
300234063700990,-63.301,41.32,2022-06-25T06:00:00Z,18.621
300234063700990,-63.402,41.316,2022-06-25T12:00:00Z,18.614
300234063700990,-63.411,41.339,2022-06-25T18:00:00Z,18.933
300234063700990,-63.459,41.293,2022-06-26T00:00:00Z,19.012
300234063700990,-63.534,41.307,2022-06-26T06:00:00Z,18.899
300234063700990,-63.57,41.31,2022-06-26T12:00:00Z,18.935
300234063700990,-63.613,41.297,2022-06-26T18:00:00Z,19.271
300234063700990,-63.694,41.296,2022-06-27T00:00:00Z,18.877
300234063700990,-63.754,41.304,2022-06-27T06:00:00Z,18.399
300234063700990,-63.781,41.293,2022-06-27T12:00:00Z,18.952
300234063700990,-63.879,41.281,2022-06-27T18:00:00Z,19.266
300234063700990,-63.894,41.304,2022-06-28T00:00:00Z,18.866
300234063700990,-63.951,41.322,2022-06-28T06:00:00Z,18.227
300234063700990,-64.005,41.307,2022-06-28T12:00:00Z,18.588
300234063700990,-64.121,41.352,2022-06-28T18:00:00Z,19.605
300234063700990,-64.116,41.354,2022-06-29T00:00:00Z,19.396
300234063700990,-64.204,41.346,2022-06-29T06:00:00Z,19.201
300234063700990,-64.266,41.386,2022-06-29T12:00:00Z,19.404
300234063700990,-64.297,41.409,2022-06-29T18:00:00Z,19.891
300234063700990,-64.34,41.4,2022-06-30T00:00:00Z,19.973
300234063700990,-64.411,41.452,2022-06-30T06:00:00Z,19.733
300234063700990,-64.386,41.443,2022-06-30T12:00:00Z,19.658
300234063700990,-64.465,41.471,2022-06-30T18:00:00Z,19.973
300234063700990,-64.422,41.498,2022-07-01T00:00:00Z,19.911
300234063700990,-64.429,41.526,2022-07-01T06:00:00Z,19.848
300234063700990,-64.419,41.508,2022-07-01T12:00:00Z,19.869
300234063700990,-64.447,41.581,2022-07-01T18:00:00Z,19.963
300234063700990,-64.364,41.602,2022-07-02T00:00:00Z,19.768
300234063700990,-64.366,41.647,2022-07-02T06:00:00Z,19.647
300234063700990,-64.318,41.662,2022-07-02T12:00:00Z,18.993
300234063700990,-64.258,41.732,2022-07-02T18:00:00Z,19.192
300234063700990,-64.195,41.709,2022-07-03T00:00:00Z,18.953
300234063700990,-64.177,41.766,2022-07-03T06:00:00Z,18.337
300234063700990,-64.109,41.746,2022-07-03T12:00:00Z,18.173
300234063700990,-64.075,41.743,2022-07-03T18:00:00Z,18.611
300234063700990,-64.019,41.72,2022-07-04T00:00:00Z,18.359
300234063700990,-63.985,41.742,2022-07-04T06:00:00Z,18.389
300234063700990,-63.975,41.706,2022-07-04T12:00:00Z,18.528
300234063700990,-63.964,41.753,2022-07-04T18:00:00Z,18.883
300234063700990,-63.927,41.728,2022-07-05T00:00:00Z,18.985
300234063700990,-63.928,41.731,2022-07-05T06:00:00Z,18.901
300234063700990,-63.913,41.731,2022-07-05T12:00:00Z,18.698
300234063700990,-63.879,41.743,2022-07-05T18:00:00Z,18.997
300234063700990,-63.89,41.729,2022-07-06T00:00:00Z,19.091
300234063700990,-63.881,41.767,2022-07-06T06:00:00Z,18.805
300234063700990,-63.859,41.763,2022-07-06T12:00:00Z,18.768
300234063700990,-63.877,41.78,2022-07-06T18:00:00Z,18.801
300234063700990,-63.834,41.787,2022-07-07T00:00:00Z,18.662
300234063700990,-63.805,41.743,2022-07-07T06:00:00Z,18.8
300234063700990,-63.879,41.721,2022-07-07T12:00:00Z,19.061
300234063700990,-63.84,41.766,2022-07-07T18:00:00Z,19.621
300234063700990,-63.749,41.711,2022-07-08T00:00:00Z,19.653
300234063700990,-63.794,41.705,2022-07-08T06:00:00Z,19.417
300234063700990,-63.734,41.726,2022-07-08T12:00:00Z,19.265
300234063700990,-63.687,41.677,2022-07-08T18:00:00Z,19.565
300234063700990,-63.68,41.659,2022-07-09T00:00:00Z,19.566
300234063700990,-63.687,41.63,2022-07-09T06:00:00Z,19.321
300234063700990,-63.606,41.619,2022-07-09T12:00:00Z,19.43
300234063700990,-63.647,41.547,2022-07-09T18:00:00Z,19.588
300234063700990,-63.618,41.566,2022-07-10T00:00:00Z,19.611
300234063700990,-63.599,41.509,2022-07-10T06:00:00Z,19.412
300234063700990,-63.63,41.481,2022-07-10T12:00:00Z,19.321
300234063700990,-63.643,41.479,2022-07-10T18:00:00Z,19.594
300234063700990,-63.644,41.465,2022-07-11T00:00:00Z,19.653
300234063700990,-63.645,41.442,2022-07-11T06:00:00Z,19.544
300234063700990,-63.635,41.452,2022-07-11T12:00:00Z,20.043
300234063700990,-63.592,41.445,2022-07-11T18:00:00Z,20.988
300234063700990,-63.587,41.421,2022-07-12T00:00:00Z,20.769
300234063700990,-63.599,41.415,2022-07-12T06:00:00Z,20.368
300234063700990,-63.626,41.402,2022-07-12T12:00:00Z,20.144
300234063700990,-63.657,41.405,2022-07-12T18:00:00Z,20.504
300234063700990,-63.693,41.398,2022-07-13T00:00:00Z,20.228
300234063700990,-63.724,41.416,2022-07-13T06:00:00Z,19.761
300234063700990,-63.707,41.388,2022-07-13T12:00:00Z,19.911
300234063700990,-63.732,41.386,2022-07-13T18:00:00Z,20.298
300234063700990,-63.707,41.364,2022-07-14T00:00:00Z,20.32
300234063700990,-63.727,41.344,2022-07-14T06:00:00Z,20.239
300234063700990,-63.748,41.327,2022-07-14T12:00:00Z,20.358
300234063700990,-63.776,41.316,2022-07-14T18:00:00Z,20.81
300234063700990,-63.794,41.289,2022-07-15T00:00:00Z,20.784
300234063700990,-63.867,41.283,2022-07-15T06:00:00Z,20.6
300234063700990,-63.854,41.276,2022-07-15T12:00:00Z,20.569
300234063700990,-63.905,41.239,2022-07-15T18:00:00Z,20.59
300234063700990,-63.945,41.239,2022-07-16T00:00:00Z,20.577
300234063700990,-63.998,41.209,2022-07-16T06:00:00Z,20.399
300234063700990,-64.023,41.193,2022-07-16T12:00:00Z,20.561
300234063700990,-64.102,41.165,2022-07-16T18:00:00Z,21.454
300234063700990,-64.102,41.173,2022-07-17T00:00:00Z,21.344
300234063700990,-64.183,41.11,2022-07-17T06:00:00Z,21.134
300234063700990,-64.231,41.139,2022-07-17T12:00:00Z,20.849
300234063700990,-64.291,41.097,2022-07-17T18:00:00Z,21.378
300234063700990,-64.33,41.088,2022-07-18T00:00:00Z,21.135
300234063700990,-64.412,41.049,2022-07-18T06:00:00Z,20.994
300234063700990,-64.462,41.047,2022-07-18T12:00:00Z,21.123
300234063700990,-64.492,40.993,2022-07-18T18:00:00Z,21.699
300234063700990,-64.56,41.01,2022-07-19T00:00:00Z,21.533
300234063700990,-64.567,40.943,2022-07-19T06:00:00Z,21.317
300234063700990,-64.64,40.969,2022-07-19T12:00:00Z,21.108
300234063700990,-64.596,40.883,2022-07-19T18:00:00Z,21.144
300234063700990,-64.672,40.889,2022-07-20T00:00:00Z,21.21
300234063700990,-64.675,40.804,2022-07-20T06:00:00Z,21.222
300234063700990,-64.777,40.838,2022-07-20T12:00:00Z,21.289
300234063700990,-64.796,40.826,2022-07-20T18:00:00Z,21.442
300234063700990,-64.865,40.785,2022-07-21T00:00:00Z,21.568
300234063700990,-64.833,40.769,2022-07-21T06:00:00Z,21.517
300234063700990,-64.893,40.71,2022-07-21T12:00:00Z,21.631
300234063700990,-64.964,40.7,2022-07-21T18:00:00Z,22.001
300234063700990,-65.028,40.698,2022-07-22T00:00:00Z,21.793
300234063700990,-65.042,40.654,2022-07-22T06:00:00Z,21.066
300234063700990,-65.135,40.623,2022-07-22T12:00:00Z,21.04
300234063700990,-65.129,40.599,2022-07-22T18:00:00Z,20.392
300234063700990,-65.2,40.555,2022-07-23T00:00:00Z,20.102
300234063700990,-65.246,40.507,2022-07-23T06:00:00Z,19.953
300234063700990,-65.338,40.489,2022-07-23T12:00:00Z,20.355
300234063700990,-65.366,40.446,2022-07-23T18:00:00Z,20.689
300234063700990,-65.455,40.401,2022-07-24T00:00:00Z,20.83
300234063700990,-65.531,40.386,2022-07-24T06:00:00Z,20.845
300234063700990,-65.604,40.365,2022-07-24T12:00:00Z,20.846
300234063700990,-65.703,40.318,2022-07-24T18:00:00Z,21.298
300234063700990,-65.809,40.323,2022-07-25T00:00:00Z,21.432
300234063700990,-65.862,40.313,2022-07-25T06:00:00Z,21.328
300234063700990,-65.969,40.292,2022-07-25T12:00:00Z,21.216
300234063700990,-66.053,40.305,2022-07-25T18:00:00Z,NaN
300234063700990,-66.136,40.32,2022-07-26T00:00:00Z,NaN
300234063700990,-66.232,40.308,2022-07-26T06:00:00Z,21.195
300234063700990,-66.356,40.319,2022-07-26T12:00:00Z,21.395
300234063700990,-66.404,40.329,2022-07-26T18:00:00Z,21.672
300234063700990,-66.481,40.293,2022-07-27T00:00:00Z,21.936
300234063700990,-66.581,40.299,2022-07-27T06:00:00Z,22.23
300234063700990,-66.636,40.281,2022-07-27T12:00:00Z,22.414
300234063700990,-66.712,40.261,2022-07-27T18:00:00Z,21.844
300234063700990,-66.773,40.234,2022-07-28T00:00:00Z,21.873
300234063700990,-66.833,40.216,2022-07-28T06:00:00Z,21.726
300234063700990,-66.869,40.177,2022-07-28T12:00:00Z,21.979
300234063700990,-66.938,40.155,2022-07-28T18:00:00Z,22.62
300234063700990,-66.939,40.136,2022-07-29T00:00:00Z,22.619
300234063700990,-67.014,40.083,2022-07-29T06:00:00Z,23.013
300234063700990,-67.025,40.095,2022-07-29T12:00:00Z,23.28
300234063700990,-67.079,40.034,2022-07-29T18:00:00Z,23.895
300234063700990,-67.119,40.024,2022-07-30T00:00:00Z,23.818
300234063700990,-67.135,39.975,2022-07-30T06:00:00Z,23.817
300234063700990,-67.188,39.957,2022-07-30T12:00:00Z,23.684
300234063700990,-67.142,39.909,2022-07-30T18:00:00Z,23.78
300234063700990,-67.229,39.85,2022-07-31T00:00:00Z,23.786
300234063700990,-67.201,39.841,2022-07-31T06:00:00Z,23.413
300234063700990,-67.225,39.785,2022-07-31T12:00:00Z,23.559
300234063700990,-67.231,39.766,2022-07-31T18:00:00Z,25.363
300234063700990,-67.266,39.724,2022-08-01T00:00:00Z,25.008
300234063700990,-67.254,39.716,2022-08-01T06:00:00Z,24.13
300234063700990,-67.285,39.659,2022-08-01T12:00:00Z,24.009
300234063700990,-67.31,39.678,2022-08-01T18:00:00Z,24.134
300234063700990,-67.306,39.66,2022-08-02T00:00:00Z,24.109
300234063700990,-67.319,39.636,2022-08-02T06:00:00Z,23.946
300234063700990,-67.358,39.582,2022-08-02T12:00:00Z,23.973
300234063700990,-67.386,39.581,2022-08-02T18:00:00Z,24.494
300234063700990,-67.351,39.527,2022-08-03T00:00:00Z,24.568
300234063700990,-67.417,39.516,2022-08-03T06:00:00Z,24.35
300234063700990,-67.386,39.491,2022-08-03T12:00:00Z,24.405
300234063700990,-67.432,39.449,2022-08-03T18:00:00Z,25.221
300234063700990,-67.427,39.424,2022-08-04T00:00:00Z,25.43
300234063700990,-67.446,39.392,2022-08-04T06:00:00Z,25.089
300234063700990,-67.419,39.354,2022-08-04T12:00:00Z,25.193
